,Voc(V),Jsc(mA/cm2),FF(%),PCE(%),V_mpp(V),J_mpp(mA/cm2),P_mpp(mW/cm2),R_series(Ohmcm2),R_shunt(Ohmcm2),sample,batch,condition,cell,direction,ilum
0,0.0,-5e-05,0.0,5.8e-05,0.99,-5.9e-05,-5.841e-05,-1218.682401,-1066.249668,../nD9FcrBgT3uystJHOnbUKw/HZB_MMB_8-2001-1.jv.txt,nD9FcrBgT3uystJHOnbUKw,w,a,Reverse,Light
1,0.024143,-3.2e-05,8013.133429000001,6.2e-05,1.14,-5.5e-05,-6.269999999999999e-05,749.068463,-2216.419717,../nD9FcrBgT3uystJHOnbUKw/HZB_MMB_8-2001-1.jv.txt,nD9FcrBgT3uystJHOnbUKw,w,a,Forward,Light
2,1.028558,-22.359019,60.673319000000006,13.953371,0.72,-19.379681,-13.953370320000001,0.008263,0.813477,../nD9FcrBgT3uystJHOnbUKw/HZB_MMB_8-2001-1.jv.txt,nD9FcrBgT3uystJHOnbUKw,w,b,Reverse,Light
3,1.021211,-22.362687,57.28821000000001,13.082917,0.69,-18.96075,-13.082917499999999,0.009104,0.696096,../nD9FcrBgT3uystJHOnbUKw/HZB_MMB_8-2001-1.jv.txt,nD9FcrBgT3uystJHOnbUKw,w,b,Forward,Light
4,1.021195,-21.481781,59.327012,13.014616,0.69,-18.861762,-13.014615779999998,0.008409,0.679887,../nD9FcrBgT3uystJHOnbUKw/HZB_MMB_8-2001-1.jv.txt,nD9FcrBgT3uystJHOnbUKw,w,c,Reverse,Light
5,1.010478,-21.485775,55.866798,12.129182,0.69,-17.578525,-12.129182249999998,0.011559,0.639889,../nD9FcrBgT3uystJHOnbUKw/HZB_MMB_8-2001-1.jv.txt,nD9FcrBgT3uystJHOnbUKw,w,c,Forward,Light
6,1.018262,-22.926475,61.2649,14.302386,0.72,-19.864425,-14.302386,0.009124,0.683498,../nD9FcrBgT3uystJHOnbUKw/HZB_MMB_8-2001-1.jv.txt,nD9FcrBgT3uystJHOnbUKw,w,d,Reverse,Light
7,1.012212,-22.921969,57.98643400000001,13.453952,0.69,-19.498481,-13.45395189,0.010009,0.639327,../nD9FcrBgT3uystJHOnbUKw/HZB_MMB_8-2001-1.jv.txt,nD9FcrBgT3uystJHOnbUKw,w,d,Forward,Light
8,1.014147,-22.260531,59.514132,13.435585,0.69,-19.471863,-13.435585469999998,0.00948,0.664737,../nD9FcrBgT3uystJHOnbUKw/HZB_MMB_8-2001-1.jv.txt,nD9FcrBgT3uystJHOnbUKw,w,e,Reverse,Light
9,1.006489,-22.267794,55.506957,12.440377,0.69,-18.029531,-12.440376389999997,0.010836,0.573806,../nD9FcrBgT3uystJHOnbUKw/HZB_MMB_8-2001-1.jv.txt,nD9FcrBgT3uystJHOnbUKw,w,e,Forward,Light
10,1.01152,-22.143487,60.268953,13.499392,0.72,-18.749156,-13.499392319999998,0.009285,0.533654,../nD9FcrBgT3uystJHOnbUKw/HZB_MMB_8-2001-1.jv.txt,nD9FcrBgT3uystJHOnbUKw,w,f,Reverse,Light
11,1.00524,-22.150669,56.451206,12.569846,0.69,-18.217169,-12.569846609999997,0.010327,0.54908,../nD9FcrBgT3uystJHOnbUKw/HZB_MMB_8-2001-1.jv.txt,nD9FcrBgT3uystJHOnbUKw,w,f,Forward,Light
12,0.106454,-5e-05,1021.680885,5.5e-05,0.99,-5.5e-05,-5.445e-05,277.289745,-6534.076639,../nD9FcrBgT3uystJHOnbUKw/HZB_MMB_8-2001-2.jv.txt,nD9FcrBgT3uystJHOnbUKw,w,a,Reverse,Light
13,0.0,-4e-05,0.0,6.6e-05,1.11,-6e-05,-6.66e-05,-702.703611,2773.462476,../nD9FcrBgT3uystJHOnbUKw/HZB_MMB_8-2001-2.jv.txt,nD9FcrBgT3uystJHOnbUKw,w,a,Forward,Light
14,1.019681,-22.085119,59.778980999999995,13.462092,0.72,-18.69735,-13.462092,0.009353,0.695864,../nD9FcrBgT3uystJHOnbUKw/HZB_MMB_8-2001-2.jv.txt,nD9FcrBgT3uystJHOnbUKw,w,b,Reverse,Light
15,1.012668,-22.085675,56.578464,12.654027,0.72,-17.575038,-12.654027359999999,0.009859,0.585995,../nD9FcrBgT3uystJHOnbUKw/HZB_MMB_8-2001-2.jv.txt,nD9FcrBgT3uystJHOnbUKw,w,b,Forward,Light
16,0.06237,-13.432375,25.015682,0.209576,0.03,-6.98585,-0.2095755,0.004613,0.004634,../nD9FcrBgT3uystJHOnbUKw/HZB_MMB_8-2001-2.jv.txt,nD9FcrBgT3uystJHOnbUKw,w,c,Reverse,Light
17,0.062347,-13.430019,24.997761,0.209311,0.03,-6.977031,-0.20931093,0.004609,0.004633,../nD9FcrBgT3uystJHOnbUKw/HZB_MMB_8-2001-2.jv.txt,nD9FcrBgT3uystJHOnbUKw,w,c,Forward,Light
18,0.260812,-17.202819,27.024424000000003,1.212506,0.15,-8.083375,-1.21250625,0.012961,0.017244,../nD9FcrBgT3uystJHOnbUKw/HZB_MMB_8-2001-2.jv.txt,nD9FcrBgT3uystJHOnbUKw,w,d,Reverse,Light
19,0.258923,-17.184925,27.075024,1.204723,0.12,-10.039362,-1.20472344,0.012965,0.017236,../nD9FcrBgT3uystJHOnbUKw/HZB_MMB_8-2001-2.jv.txt,nD9FcrBgT3uystJHOnbUKw,w,d,Forward,Light
20,1.000939,-22.139788,60.39099800000001,13.383,0.72,-18.5875,-13.383,0.00834,0.470731,../nD9FcrBgT3uystJHOnbUKw/HZB_MMB_8-2001-2.jv.txt,nD9FcrBgT3uystJHOnbUKw,w,e,Reverse,Light
21,1.000455,-22.140238,56.87627,12.598274,0.69,-18.258369,-12.598274609999997,0.009498,0.459163,../nD9FcrBgT3uystJHOnbUKw/HZB_MMB_8-2001-2.jv.txt,nD9FcrBgT3uystJHOnbUKw,w,e,Forward,Light
22,0.96575,-19.585875,52.096328,9.854054,0.63,-15.641356,-9.85405428,0.01616,0.42636,../nD9FcrBgT3uystJHOnbUKw/HZB_MMB_8-2001-2.jv.txt,nD9FcrBgT3uystJHOnbUKw,w,f,Reverse,Light
23,0.945443,-19.578231,48.246239,8.930426,0.6,-14.884044,-8.9304264,0.01899,0.31552,../nD9FcrBgT3uystJHOnbUKw/HZB_MMB_8-2001-2.jv.txt,nD9FcrBgT3uystJHOnbUKw,w,f,Forward,Light
24,0.110468,-5e-05,1205.000839,6.6e-05,1.17,-5.7e-05,-6.669e-05,346.416548,-5889.502624,../nD9FcrBgT3uystJHOnbUKw/HZB_MMB_8-2001-3.jv.txt,nD9FcrBgT3uystJHOnbUKw,w,a,Reverse,Light
25,0.0,-3.3e-05,0.0,5.5e-05,0.96,-5.8e-05,-5.5679999999999995e-05,-736.549908,2264.286373,../nD9FcrBgT3uystJHOnbUKw/HZB_MMB_8-2001-3.jv.txt,nD9FcrBgT3uystJHOnbUKw,w,a,Forward,Light
26,0.747467,-21.958256,49.69198900000001,8.155987,0.51,-15.992131,-8.15598681,0.009849,0.227385,../nD9FcrBgT3uystJHOnbUKw/HZB_MMB_8-2001-3.jv.txt,nD9FcrBgT3uystJHOnbUKw,w,b,Reverse,Light
27,0.738,-21.960712,48.382143,7.841301,0.51,-15.3751,-7.841301,0.009672,0.204298,../nD9FcrBgT3uystJHOnbUKw/HZB_MMB_8-2001-3.jv.txt,nD9FcrBgT3uystJHOnbUKw,w,b,Forward,Light
28,1.030473,-22.184362,63.130509,14.431878,0.72,-20.044275,-14.431878,0.008356,1.488649,../nD9FcrBgT3uystJHOnbUKw/HZB_MMB_8-2001-3.jv.txt,nD9FcrBgT3uystJHOnbUKw,w,c,Reverse,Light
29,1.023634,-22.184475,61.100252,13.875125,0.72,-19.271006,-13.87512432,0.009054,1.348277,../nD9FcrBgT3uystJHOnbUKw/HZB_MMB_8-2001-3.jv.txt,nD9FcrBgT3uystJHOnbUKw,w,c,Forward,Light
30,0.991426,-23.093794,58.553986,13.406394,0.69,-19.429556,-13.40639364,0.01083,0.691942,../nD9FcrBgT3uystJHOnbUKw/HZB_MMB_8-2001-3.jv.txt,nD9FcrBgT3uystJHOnbUKw,w,d,Reverse,Light
31,0.97694,-23.099363,55.465075,12.516632,0.66,-18.964594,-12.516632040000001,0.013935,0.582857,../nD9FcrBgT3uystJHOnbUKw/HZB_MMB_8-2001-3.jv.txt,nD9FcrBgT3uystJHOnbUKw,w,d,Forward,Light
32,1.021129,-23.098,65.122383,15.359784,0.75,-20.479713,-15.35978475,0.007073,1.574029,../nD9FcrBgT3uystJHOnbUKw/HZB_MMB_8-2001-3.jv.txt,nD9FcrBgT3uystJHOnbUKw,w,e,Reverse,Light
33,1.020375,-23.093375,62.802158,14.798646,0.72,-20.553675,-14.798645999999998,0.008008,1.533938,../nD9FcrBgT3uystJHOnbUKw/HZB_MMB_8-2001-3.jv.txt,nD9FcrBgT3uystJHOnbUKw,w,e,Forward,Light
34,0.996974,-23.233519,67.466448,15.627403,0.75,-20.836538,-15.6274035,0.006472,1.056292,../nD9FcrBgT3uystJHOnbUKw/HZB_MMB_8-2001-3.jv.txt,nD9FcrBgT3uystJHOnbUKw,w,f,Reverse,Light
35,0.993694,-23.227138,63.93554499999999,14.756752,0.75,-19.675669,-14.75675175,0.007042,1.068971,../nD9FcrBgT3uystJHOnbUKw/HZB_MMB_8-2001-3.jv.txt,nD9FcrBgT3uystJHOnbUKw,w,f,Forward,Light
36,0.069815,-5.9e-05,1348.283336,5.5e-05,0.99,-5.6e-05,-5.544e-05,352.134219,808.82062,../nD9FcrBgT3uystJHOnbUKw/HZB_MMB_8-2001-4.jv.txt,nD9FcrBgT3uystJHOnbUKw,w,a,Reverse,Light
37,0.043038,-6e-06,21545.885521,5.9e-05,1.05,-5.6e-05,-5.88e-05,295.327822,1152.955939,../nD9FcrBgT3uystJHOnbUKw/HZB_MMB_8-2001-4.jv.txt,nD9FcrBgT3uystJHOnbUKw,w,a,Forward,Light
38,0.151261,-29.972469,27.600602000000002,1.251322,0.09,-13.903575,-1.25132175,0.00437,0.005461,../nD9FcrBgT3uystJHOnbUKw/HZB_MMB_8-2001-4.jv.txt,nD9FcrBgT3uystJHOnbUKw,w,b,Reverse,Light
39,0.150823,-29.972469,27.536705,1.244808,0.09,-13.8312,-1.2448080000000001,0.004332,0.005436,../nD9FcrBgT3uystJHOnbUKw/HZB_MMB_8-2001-4.jv.txt,nD9FcrBgT3uystJHOnbUKw,w,b,Forward,Light
40,1.022267,-21.63045,61.54027,13.607847,0.72,-18.899787,-13.60784664,0.008488,1.685097,../nD9FcrBgT3uystJHOnbUKw/HZB_MMB_8-2001-4.jv.txt,nD9FcrBgT3uystJHOnbUKw,w,c,Reverse,Light
41,1.0136,-21.637694,59.124415,12.967148,0.69,-18.792969,-12.967148609999999,0.011357,0.9942,../nD9FcrBgT3uystJHOnbUKw/HZB_MMB_8-2001-4.jv.txt,nD9FcrBgT3uystJHOnbUKw,w,c,Forward,Light
42,0.393882,-25.57175,25.669894999999997,2.585538,0.21,-12.312088,-2.58553848,0.014169,0.016044,../nD9FcrBgT3uystJHOnbUKw/HZB_MMB_8-2001-4.jv.txt,nD9FcrBgT3uystJHOnbUKw,w,d,Reverse,Light
43,0.394393,-25.560587,25.813468,2.602233,0.21,-12.391587,-2.6022332699999997,0.013605,0.016135,../nD9FcrBgT3uystJHOnbUKw/HZB_MMB_8-2001-4.jv.txt,nD9FcrBgT3uystJHOnbUKw,w,d,Forward,Light
44,1.012158,-22.243062,62.060126,13.971906,0.72,-19.405425,-13.971906,0.009845,1.006838,../nD9FcrBgT3uystJHOnbUKw/HZB_MMB_8-2001-4.jv.txt,nD9FcrBgT3uystJHOnbUKw,w,e,Reverse,Light
45,1.005013,-22.2424,58.669850000000004,13.115003,0.69,-19.00725,-13.1150025,0.011366,0.862146,../nD9FcrBgT3uystJHOnbUKw/HZB_MMB_8-2001-4.jv.txt,nD9FcrBgT3uystJHOnbUKw,w,e,Forward,Light
46,0.875346,-22.200781,54.273249,10.54712,0.57,-18.503719,-10.54711983,0.012937,0.641934,../nD9FcrBgT3uystJHOnbUKw/HZB_MMB_8-2001-4.jv.txt,nD9FcrBgT3uystJHOnbUKw,w,f,Reverse,Light
47,0.859411,-22.201744,52.319173,9.982716,0.57,-17.513538,-9.98271666,0.013473,0.471096,../nD9FcrBgT3uystJHOnbUKw/HZB_MMB_8-2001-4.jv.txt,nD9FcrBgT3uystJHOnbUKw,w,f,Forward,Light
48,0.0,-5.6e-05,0.0,6e-05,1.14,-5.3e-05,-6.0419999999999994e-05,17769.880053,-743.229723,../nD9FcrBgT3uystJHOnbUKw/HZB_MMB_8-2001-5.jv.txt,nD9FcrBgT3uystJHOnbUKw,w,a,Reverse,Light
49,0.0,-4e-05,0.0,6.4e-05,1.14,-5.6e-05,-6.384e-05,2700.775967,-1047.039652,../nD9FcrBgT3uystJHOnbUKw/HZB_MMB_8-2001-5.jv.txt,nD9FcrBgT3uystJHOnbUKw,w,a,Forward,Light
50,0.949715,-15.373231,41.473281,6.055178,0.63,-9.611394,-6.05517822,0.017331,0.182241,../nD9FcrBgT3uystJHOnbUKw/HZB_MMB_8-2001-5.jv.txt,nD9FcrBgT3uystJHOnbUKw,w,b,Reverse,Light
51,0.913837,-15.342437,37.827263,5.303565,0.57,-9.3045,-5.303565,0.020703,0.138246,../nD9FcrBgT3uystJHOnbUKw/HZB_MMB_8-2001-5.jv.txt,nD9FcrBgT3uystJHOnbUKw,w,b,Forward,Light
52,0.971942,-18.78575,58.571265,10.694323,0.69,-15.499019,-10.69432311,0.01092,0.367504,../nD9FcrBgT3uystJHOnbUKw/HZB_MMB_8-2001-5.jv.txt,nD9FcrBgT3uystJHOnbUKw,w,c,Reverse,Light
53,0.965167,-18.801394,52.482136000000004,9.52366,0.66,-14.429787,-9.52365942,0.01265,0.437485,../nD9FcrBgT3uystJHOnbUKw/HZB_MMB_8-2001-5.jv.txt,nD9FcrBgT3uystJHOnbUKw,w,c,Forward,Light
54,0.346094,-18.519331,31.702883,2.031976,0.18,-11.288756,-2.0319760799999997,0.012191,0.029677,../nD9FcrBgT3uystJHOnbUKw/HZB_MMB_8-2001-5.jv.txt,nD9FcrBgT3uystJHOnbUKw,w,d,Reverse,Light
55,0.342153,-18.519881,31.678687,2.00736,0.18,-11.152,-2.00736,0.012219,0.029322,../nD9FcrBgT3uystJHOnbUKw/HZB_MMB_8-2001-5.jv.txt,nD9FcrBgT3uystJHOnbUKw,w,d,Forward,Light
56,0.979502,-20.42875,51.13315899999999,10.231743,0.63,-16.240862,-10.23174306,0.017775,0.337297,../nD9FcrBgT3uystJHOnbUKw/HZB_MMB_8-2001-5.jv.txt,nD9FcrBgT3uystJHOnbUKw,w,e,Reverse,Light
57,0.963982,-20.419919,46.467977,9.146962,0.6,-15.244937,-9.146962199999999,0.020529,0.248774,../nD9FcrBgT3uystJHOnbUKw/HZB_MMB_8-2001-5.jv.txt,nD9FcrBgT3uystJHOnbUKw,w,e,Forward,Light
58,0.997914,-21.656175,60.80313900000001,13.140162,0.69,-19.043712,-13.14016128,0.009277,0.588834,../nD9FcrBgT3uystJHOnbUKw/HZB_MMB_8-2001-5.jv.txt,nD9FcrBgT3uystJHOnbUKw,w,f,Reverse,Light
59,0.988663,-21.658412,56.654406,12.131338,0.69,-17.58165,-12.131338499999998,0.012912,0.59822,../nD9FcrBgT3uystJHOnbUKw/HZB_MMB_8-2001-5.jv.txt,nD9FcrBgT3uystJHOnbUKw,w,f,Forward,Light
60,0.0,-5.5e-05,0.0,6.2e-05,1.11,-5.6e-05,-6.216e-05,-11930.267586,-775.695217,../nD9FcrBgT3uystJHOnbUKw/HZB_MMB_8-2001-6.jv.txt,nD9FcrBgT3uystJHOnbUKw,w,a,Reverse,Light
61,0.0,-3.9e-05,0.0,6e-05,1.05,-5.7e-05,-5.9850000000000005e-05,1909.513714,-1678.283418,../nD9FcrBgT3uystJHOnbUKw/HZB_MMB_8-2001-6.jv.txt,nD9FcrBgT3uystJHOnbUKw,w,a,Forward,Light
62,1.010354,-22.364325,60.386215,13.644802,0.69,-19.775075,-13.64480175,0.010425,0.938783,../nD9FcrBgT3uystJHOnbUKw/HZB_MMB_8-2001-6.jv.txt,nD9FcrBgT3uystJHOnbUKw,w,b,Reverse,Light
63,1.001138,-22.368112,57.09703300000001,12.786062,0.69,-18.530525,-12.786062249999999,0.011649,0.782702,../nD9FcrBgT3uystJHOnbUKw/HZB_MMB_8-2001-6.jv.txt,nD9FcrBgT3uystJHOnbUKw,w,b,Forward,Light
64,1.011911,-21.167481,59.922746,12.835216,0.69,-18.601762,-12.83521578,0.011789,0.685842,../nD9FcrBgT3uystJHOnbUKw/HZB_MMB_8-2001-6.jv.txt,nD9FcrBgT3uystJHOnbUKw,w,c,Reverse,Light
65,0.998684,-21.168662,56.641968,11.97457,0.69,-17.35445,-11.974570499999999,0.013735,0.703328,../nD9FcrBgT3uystJHOnbUKw/HZB_MMB_8-2001-6.jv.txt,nD9FcrBgT3uystJHOnbUKw,w,c,Forward,Light
66,0.597366,-21.561156,33.74252,4.346001,0.36,-12.072225,-4.346000999999999,0.014476,0.050079,../nD9FcrBgT3uystJHOnbUKw/HZB_MMB_8-2001-6.jv.txt,nD9FcrBgT3uystJHOnbUKw,w,d,Reverse,Light
67,0.585364,-21.544194,33.557962,4.232062,0.33,-12.824431,-4.23206223,0.013566,0.049563,../nD9FcrBgT3uystJHOnbUKw/HZB_MMB_8-2001-6.jv.txt,nD9FcrBgT3uystJHOnbUKw,w,d,Forward,Light
68,1.009341,-21.9219,60.800248,13.453077,0.69,-19.497212,-13.45307628,0.01105,0.896342,../nD9FcrBgT3uystJHOnbUKw/HZB_MMB_8-2001-6.jv.txt,nD9FcrBgT3uystJHOnbUKw,w,e,Reverse,Light
69,1.002768,-21.923519,56.544595,12.43088,0.69,-18.015769,-12.430880609999997,0.014039,0.729372,../nD9FcrBgT3uystJHOnbUKw/HZB_MMB_8-2001-6.jv.txt,nD9FcrBgT3uystJHOnbUKw,w,e,Forward,Light
70,0.984154,-22.068419,61.409912,13.337454,0.69,-19.329644,-13.337454359999997,0.010636,0.815079,../nD9FcrBgT3uystJHOnbUKw/HZB_MMB_8-2001-6.jv.txt,nD9FcrBgT3uystJHOnbUKw,w,f,Reverse,Light
71,0.976204,-22.069925,56.313146,12.13252,0.66,-18.382606,-12.13251996,0.013981,0.68208,../nD9FcrBgT3uystJHOnbUKw/HZB_MMB_8-2001-6.jv.txt,nD9FcrBgT3uystJHOnbUKw,w,f,Forward,Light
72,0.0,-5.8e-05,0.0,6.4e-05,1.08,-5.9e-05,-6.372e-05,-2472.114039,-809.153891,../nD9FcrBgT3uystJHOnbUKw/HZB_MMB_8-2001-7.jv.txt,nD9FcrBgT3uystJHOnbUKw,w,a,Reverse,Light
73,0.0,-1.1e-05,0.0,6.5e-05,1.17,-5.6e-05,-6.552e-05,903.882287,-1238.479304,../nD9FcrBgT3uystJHOnbUKw/HZB_MMB_8-2001-7.jv.txt,nD9FcrBgT3uystJHOnbUKw,w,a,Forward,Light
74,0.724679,-17.637544,45.379532,5.800212,0.48,-12.083775,-5.800211999999999,0.016745,0.127311,../nD9FcrBgT3uystJHOnbUKw/HZB_MMB_8-2001-7.jv.txt,nD9FcrBgT3uystJHOnbUKw,w,b,Reverse,Light
75,0.696386,-17.603725,39.975239,4.900559,0.45,-10.890131,-4.900558950000001,0.017747,0.098942,../nD9FcrBgT3uystJHOnbUKw/HZB_MMB_8-2001-7.jv.txt,nD9FcrBgT3uystJHOnbUKw,w,b,Forward,Light
76,1.014383,-21.07515,61.033185,13.047844,0.72,-18.122006,-13.04784432,0.011213,0.763165,../nD9FcrBgT3uystJHOnbUKw/HZB_MMB_8-2001-7.jv.txt,nD9FcrBgT3uystJHOnbUKw,w,c,Reverse,Light
77,1.005792,-21.083588,55.99750800000001,11.874667,0.69,-17.209663,-11.874667469999999,0.013176,0.696419,../nD9FcrBgT3uystJHOnbUKw/HZB_MMB_8-2001-7.jv.txt,nD9FcrBgT3uystJHOnbUKw,w,c,Forward,Light
78,0.821037,-18.052738,47.985258,7.112361,0.51,-13.945806,-7.11236106,0.021808,0.190512,../nD9FcrBgT3uystJHOnbUKw/HZB_MMB_8-2001-7.jv.txt,nD9FcrBgT3uystJHOnbUKw,w,d,Reverse,Light
79,0.786462,-18.031375,41.409041,5.872209,0.48,-12.233769,-5.87220912,0.02573,0.131924,../nD9FcrBgT3uystJHOnbUKw/HZB_MMB_8-2001-7.jv.txt,nD9FcrBgT3uystJHOnbUKw,w,d,Forward,Light
80,1.002752,-21.817669,60.892337,13.32185,0.72,-18.502569,-13.32184968,0.009916,0.620267,../nD9FcrBgT3uystJHOnbUKw/HZB_MMB_8-2001-7.jv.txt,nD9FcrBgT3uystJHOnbUKw,w,e,Reverse,Light
81,1.002507,-21.816531,55.547525,12.148925,0.69,-17.607138,-12.148925219999999,0.012228,0.64583,../nD9FcrBgT3uystJHOnbUKw/HZB_MMB_8-2001-7.jv.txt,nD9FcrBgT3uystJHOnbUKw,w,e,Forward,Light
82,0.999641,-21.350494,58.691106000000005,12.526348,0.72,-17.397706,-12.526348319999999,0.010384,0.512219,../nD9FcrBgT3uystJHOnbUKw/HZB_MMB_8-2001-7.jv.txt,nD9FcrBgT3uystJHOnbUKw,w,f,Reverse,Light
83,0.994893,-21.349106,52.06859500000001,11.059406,0.69,-16.028125,-11.059406249999999,0.012329,0.586969,../nD9FcrBgT3uystJHOnbUKw/HZB_MMB_8-2001-7.jv.txt,nD9FcrBgT3uystJHOnbUKw,w,f,Forward,Light
84,0.0,-5.1e-05,0.0,6.5e-05,1.2,-5.4e-05,-6.479999999999999e-05,3847.741656,-1262.45739,../nD9FcrBgT3uystJHOnbUKw/HZB_MMB_8-2001-8.jv.txt,nD9FcrBgT3uystJHOnbUKw,w,a,Reverse,Light
85,0.0,-5e-05,0.0,5.8e-05,0.99,-5.9e-05,-5.841e-05,3113.201857,-2721.283183,../nD9FcrBgT3uystJHOnbUKw/HZB_MMB_8-2001-8.jv.txt,nD9FcrBgT3uystJHOnbUKw,w,a,Forward,Light
86,1.027413,-21.763681,54.526943,12.192382,0.66,-18.473306,-12.19238196,0.013667,0.679338,../nD9FcrBgT3uystJHOnbUKw/HZB_MMB_8-2001-8.jv.txt,nD9FcrBgT3uystJHOnbUKw,w,b,Reverse,Light
87,1.015778,-21.753787,50.97406,11.26375,0.66,-17.066287,-11.26374942,0.018377,0.543509,../nD9FcrBgT3uystJHOnbUKw/HZB_MMB_8-2001-8.jv.txt,nD9FcrBgT3uystJHOnbUKw,w,b,Forward,Light
88,0.087821,-12.803562,22.492723000000005,0.252912,0.03,-8.4304,-0.252912,0.006833,0.006861,../nD9FcrBgT3uystJHOnbUKw/HZB_MMB_8-2001-8.jv.txt,nD9FcrBgT3uystJHOnbUKw,w,c,Reverse,Light
89,0.08757,-12.7988,22.548673,0.252725,0.03,-8.42415,-0.25272449999999996,0.006838,0.006841,../nD9FcrBgT3uystJHOnbUKw/HZB_MMB_8-2001-8.jv.txt,nD9FcrBgT3uystJHOnbUKw,w,c,Forward,Light
90,1.004117,-22.234069,53.960884,12.047091,0.66,-18.253169,-12.04709154,0.013297,0.581656,../nD9FcrBgT3uystJHOnbUKw/HZB_MMB_8-2001-8.jv.txt,nD9FcrBgT3uystJHOnbUKw,w,d,Reverse,Light
91,0.998781,-22.238181,49.474148,10.988736,0.63,-17.442438,-10.98873594,0.015216,0.370625,../nD9FcrBgT3uystJHOnbUKw/HZB_MMB_8-2001-8.jv.txt,nD9FcrBgT3uystJHOnbUKw,w,d,Forward,Light
92,1.012456,-22.115881,60.093019000000005,13.455643,0.69,-19.500931,-13.45564239,0.012425,0.766479,../nD9FcrBgT3uystJHOnbUKw/HZB_MMB_8-2001-8.jv.txt,nD9FcrBgT3uystJHOnbUKw,w,e,Reverse,Light
93,1.003412,-22.103419,56.332099,12.493808,0.69,-18.106969,-12.493808609999999,0.013767,0.793625,../nD9FcrBgT3uystJHOnbUKw/HZB_MMB_8-2001-8.jv.txt,nD9FcrBgT3uystJHOnbUKw,w,e,Forward,Light
94,0.99765,-19.884681,52.67864200000001,10.450366,0.66,-15.833887,-10.45036542,0.014118,0.312912,../nD9FcrBgT3uystJHOnbUKw/HZB_MMB_8-2001-8.jv.txt,nD9FcrBgT3uystJHOnbUKw,w,f,Reverse,Light
95,0.992602,-19.840731,47.86332,9.426182,0.66,-14.282094,-9.42618204,0.016419,0.205744,../nD9FcrBgT3uystJHOnbUKw/HZB_MMB_8-2001-8.jv.txt,nD9FcrBgT3uystJHOnbUKw,w,f,Forward,Light
96,0.018432,-5.5e-05,6627.248571,6.7e-05,1.14,-5.9e-05,-6.725999999999999e-05,336.5825,1065.614526,../nD9FcrBgT3uystJHOnbUKw/HZB_MMB_8-2001-9.jv.txt,nD9FcrBgT3uystJHOnbUKw,w,a,Reverse,Light
97,0.027165,-6.7e-05,3119.445005,5.7e-05,0.99,-5.7e-05,-5.643e-05,406.294002,870.607754,../nD9FcrBgT3uystJHOnbUKw/HZB_MMB_8-2001-9.jv.txt,nD9FcrBgT3uystJHOnbUKw,w,a,Forward,Light
98,0.982844,-19.812262,50.699892000000006,9.872468,0.6,-16.454113,-9.872467799999999,0.026286,0.532641,../nD9FcrBgT3uystJHOnbUKw/HZB_MMB_8-2001-9.jv.txt,nD9FcrBgT3uystJHOnbUKw,w,b,Reverse,Light
99,0.953851,-19.7997,45.119004,8.521154,0.57,-14.949394,-8.52115458,0.030273,0.266496,../nD9FcrBgT3uystJHOnbUKw/HZB_MMB_8-2001-9.jv.txt,nD9FcrBgT3uystJHOnbUKw,w,b,Forward,Light
100,1.024307,-21.745725,60.879483,13.560476,0.72,-18.833994,-13.56047568,0.010665,1.127581,../nD9FcrBgT3uystJHOnbUKw/HZB_MMB_8-2001-9.jv.txt,nD9FcrBgT3uystJHOnbUKw,w,c,Reverse,Light
101,1.017551,-21.746437,57.67785200000001,12.763021,0.69,-18.497131,-12.76302039,0.014886,0.78788,../nD9FcrBgT3uystJHOnbUKw/HZB_MMB_8-2001-9.jv.txt,nD9FcrBgT3uystJHOnbUKw,w,c,Forward,Light
102,1.023673,-22.090206,59.075683,13.358874,0.69,-19.360688,-13.35887472,0.011582,0.769774,../nD9FcrBgT3uystJHOnbUKw/HZB_MMB_8-2001-9.jv.txt,nD9FcrBgT3uystJHOnbUKw,w,d,Reverse,Light
103,1.008051,-22.0898,54.45882000000001,12.1267,0.66,-18.373787,-12.126699420000001,0.016038,0.54876,../nD9FcrBgT3uystJHOnbUKw/HZB_MMB_8-2001-9.jv.txt,nD9FcrBgT3uystJHOnbUKw,w,d,Forward,Light
104,1.014393,-22.169256,60.566913,13.620492,0.69,-19.739844,-13.62049236,0.012355,0.700996,../nD9FcrBgT3uystJHOnbUKw/HZB_MMB_8-2001-9.jv.txt,nD9FcrBgT3uystJHOnbUKw,w,e,Reverse,Light
105,1.003484,-22.170431,55.899728,12.436388,0.69,-18.02375,-12.436387499999999,0.013885,0.583778,../nD9FcrBgT3uystJHOnbUKw/HZB_MMB_8-2001-9.jv.txt,nD9FcrBgT3uystJHOnbUKw,w,e,Forward,Light
106,0.896932,-20.56995,55.40542700000001,10.222213,0.57,-17.933706,-10.22221242,0.018356,0.605831,../nD9FcrBgT3uystJHOnbUKw/HZB_MMB_8-2001-9.jv.txt,nD9FcrBgT3uystJHOnbUKw,w,f,Reverse,Light
107,0.874332,-20.554106,50.564405,9.08699,0.57,-15.942087,-9.08698959,0.020337,0.325221,../nD9FcrBgT3uystJHOnbUKw/HZB_MMB_8-2001-9.jv.txt,nD9FcrBgT3uystJHOnbUKw,w,f,Forward,Light
108,0.0,-5.1e-05,0.0,5.7e-05,0.96,-5.9e-05,-5.663999999999999e-05,4371.178634,-1035.045007,../nD9FcrBgT3uystJHOnbUKw/HZB_MMB_8-2001-10.jv.txt,nD9FcrBgT3uystJHOnbUKw,w,a,Reverse,Light
109,0.0,-4.3e-05,0.0,5.6e-05,0.99,-5.7e-05,-5.643e-05,2299.131359,-1916.594901,../nD9FcrBgT3uystJHOnbUKw/HZB_MMB_8-2001-10.jv.txt,nD9FcrBgT3uystJHOnbUKw,w,a,Forward,Light
110,0.623288,-20.635931,48.826122,6.280076,0.42,-14.952563,-6.280076459999999,0.009391,0.174644,../nD9FcrBgT3uystJHOnbUKw/HZB_MMB_8-2001-10.jv.txt,nD9FcrBgT3uystJHOnbUKw,w,b,Reverse,Light
111,0.611742,-20.628175,45.760327,5.774554,0.39,-14.80655,-5.7745545,0.009766,0.135542,../nD9FcrBgT3uystJHOnbUKw/HZB_MMB_8-2001-10.jv.txt,nD9FcrBgT3uystJHOnbUKw,w,b,Forward,Light
112,0.939682,-20.787094,51.664936,10.091843,0.57,-17.704987,-10.091842589999999,0.025621,0.536337,../nD9FcrBgT3uystJHOnbUKw/HZB_MMB_8-2001-10.jv.txt,nD9FcrBgT3uystJHOnbUKw,w,c,Reverse,Light
113,0.90667,-20.782719,47.476442,8.946015,0.54,-16.566694,-8.946014759999999,0.030936,0.380117,../nD9FcrBgT3uystJHOnbUKw/HZB_MMB_8-2001-10.jv.txt,nD9FcrBgT3uystJHOnbUKw,w,c,Forward,Light
114,0.442185,-18.644569,28.249895,2.329018,0.24,-9.704244,-2.3290185599999997,0.017473,0.026953,../nD9FcrBgT3uystJHOnbUKw/HZB_MMB_8-2001-10.jv.txt,nD9FcrBgT3uystJHOnbUKw,w,d,Reverse,Light
115,0.426617,-18.643506,27.747702,2.206953,0.24,-9.195638,-2.20695312,0.016523,0.025911,../nD9FcrBgT3uystJHOnbUKw/HZB_MMB_8-2001-10.jv.txt,nD9FcrBgT3uystJHOnbUKw,w,d,Forward,Light
116,0.847865,-21.515975,52.25996000000001,9.533599,0.54,-17.654812,-9.53359848,0.018783,0.449843,../nD9FcrBgT3uystJHOnbUKw/HZB_MMB_8-2001-10.jv.txt,nD9FcrBgT3uystJHOnbUKw,w,e,Reverse,Light
117,0.820387,-21.511444,48.876596,8.625595,0.51,-16.912931,-8.62559481,0.020593,0.347247,../nD9FcrBgT3uystJHOnbUKw/HZB_MMB_8-2001-10.jv.txt,nD9FcrBgT3uystJHOnbUKw,w,e,Forward,Light
118,0.99971,-21.51395,54.23001000000001,11.663631,0.66,-17.672169,-11.66363154,0.017735,0.501431,../nD9FcrBgT3uystJHOnbUKw/HZB_MMB_8-2001-10.jv.txt,nD9FcrBgT3uystJHOnbUKw,w,f,Reverse,Light
119,0.979578,-21.5098,47.634643,10.036869,0.63,-15.931538,-10.03686894,0.024151,0.410067,../nD9FcrBgT3uystJHOnbUKw/HZB_MMB_8-2001-10.jv.txt,nD9FcrBgT3uystJHOnbUKw,w,f,Forward,Light
120,0.112507,-4.7e-05,1087.41979,5.8e-05,1.05,-5.5e-05,-5.775000000000001e-05,405.01551,-4937.464441,../nD9FcrBgT3uystJHOnbUKw/HZB_MMB_8-2001-11.jv.txt,nD9FcrBgT3uystJHOnbUKw,w,a,Reverse,Light
121,0.0,-4.3e-05,0.0,5.6e-05,1.2,-4.7e-05,-5.6399999999999995e-05,-558.319625,2940.996803,../nD9FcrBgT3uystJHOnbUKw/HZB_MMB_8-2001-11.jv.txt,nD9FcrBgT3uystJHOnbUKw,w,a,Forward,Light
122,0.990119,-22.319412,64.030799,14.150092,0.72,-19.652906,-14.15009232,0.008894,0.862177,../nD9FcrBgT3uystJHOnbUKw/HZB_MMB_8-2001-11.jv.txt,nD9FcrBgT3uystJHOnbUKw,w,b,Reverse,Light
123,1.001387,-22.316581,60.044341,13.418428,0.72,-18.636706,-13.41842832,0.010147,0.756084,../nD9FcrBgT3uystJHOnbUKw/HZB_MMB_8-2001-11.jv.txt,nD9FcrBgT3uystJHOnbUKw,w,b,Forward,Light
124,0.982131,-22.243525,64.672572,14.128411,0.72,-19.622794,-14.12841168,0.009443,1.004836,../nD9FcrBgT3uystJHOnbUKw/HZB_MMB_8-2001-11.jv.txt,nD9FcrBgT3uystJHOnbUKw,w,c,Reverse,Light
125,0.997604,-22.245338,59.732587,13.25588,0.72,-18.410944,-13.25587968,0.010877,0.746037,../nD9FcrBgT3uystJHOnbUKw/HZB_MMB_8-2001-11.jv.txt,nD9FcrBgT3uystJHOnbUKw,w,c,Forward,Light
126,0.988797,-22.814437,64.036488,14.445891,0.72,-20.063738,-14.44589136,0.009218,0.819071,../nD9FcrBgT3uystJHOnbUKw/HZB_MMB_8-2001-11.jv.txt,nD9FcrBgT3uystJHOnbUKw,w,d,Reverse,Light
127,1.000842,-22.803819,59.68694300000001,13.622359,0.72,-18.919944,-13.62235968,0.010008,0.657588,../nD9FcrBgT3uystJHOnbUKw/HZB_MMB_8-2001-11.jv.txt,nD9FcrBgT3uystJHOnbUKw,w,d,Forward,Light
128,0.98186,-22.549706,64.488156,14.278104,0.72,-19.8307,-14.278103999999999,0.009067,0.976662,../nD9FcrBgT3uystJHOnbUKw/HZB_MMB_8-2001-11.jv.txt,nD9FcrBgT3uystJHOnbUKw,w,e,Reverse,Light
129,0.997508,-22.546631,59.393872,13.357944,0.72,-18.5527,-13.357944,0.010334,0.881348,../nD9FcrBgT3uystJHOnbUKw/HZB_MMB_8-2001-11.jv.txt,nD9FcrBgT3uystJHOnbUKw,w,e,Forward,Light
130,0.996143,-22.285806,63.81323799999999,14.166441,0.72,-19.675612,-14.16644064,0.008498,0.875369,../nD9FcrBgT3uystJHOnbUKw/HZB_MMB_8-2001-11.jv.txt,nD9FcrBgT3uystJHOnbUKw,w,f,Reverse,Light
131,1.002196,-22.293569,60.103216,13.428571,0.72,-18.650794,-13.428571680000001,0.010152,0.784698,../nD9FcrBgT3uystJHOnbUKw/HZB_MMB_8-2001-11.jv.txt,nD9FcrBgT3uystJHOnbUKw,w,f,Forward,Light
132,0.0,-5.6e-05,0.0,7.2e-05,1.2,-6e-05,-7.2e-05,-985.165663,-1036.992302,../nD9FcrBgT3uystJHOnbUKw/HZB_MMB_8-2001-12.jv.txt,nD9FcrBgT3uystJHOnbUKw,w,a,Reverse,Light
133,0.0,-5.7e-05,0.0,5.7e-05,1.02,-5.6e-05,-5.712e-05,-740.08734,-1032.132721,../nD9FcrBgT3uystJHOnbUKw/HZB_MMB_8-2001-12.jv.txt,nD9FcrBgT3uystJHOnbUKw,w,a,Forward,Light
134,0.927881,-20.322269,45.590808,8.596895,0.54,-15.920175,-8.596894500000001,0.025742,0.391036,../nD9FcrBgT3uystJHOnbUKw/HZB_MMB_8-2001-12.jv.txt,nD9FcrBgT3uystJHOnbUKw,w,b,Reverse,Light
135,0.906365,-20.311637,42.350534,7.796628,0.51,-15.287506,-7.796628060000001,0.029524,0.234477,../nD9FcrBgT3uystJHOnbUKw/HZB_MMB_8-2001-12.jv.txt,nD9FcrBgT3uystJHOnbUKw,w,b,Forward,Light
136,1.022395,-21.390125,59.577685,13.029136,0.69,-18.882806,-13.029136139999999,0.011755,0.758342,../nD9FcrBgT3uystJHOnbUKw/HZB_MMB_8-2001-12.jv.txt,nD9FcrBgT3uystJHOnbUKw,w,c,Reverse,Light
137,1.008459,-21.382413,55.341187000000005,11.933377,0.69,-17.29475,-11.933377499999999,0.016316,0.802904,../nD9FcrBgT3uystJHOnbUKw/HZB_MMB_8-2001-12.jv.txt,nD9FcrBgT3uystJHOnbUKw,w,c,Forward,Light
138,1.026224,-22.5899,59.427416,13.776639,0.69,-19.966144,-13.776639359999999,0.011162,0.710837,../nD9FcrBgT3uystJHOnbUKw/HZB_MMB_8-2001-12.jv.txt,nD9FcrBgT3uystJHOnbUKw,w,d,Reverse,Light
139,1.013597,-22.581387,54.91354700000001,12.568846,0.69,-18.215719,-12.568846109999999,0.015458,0.783009,../nD9FcrBgT3uystJHOnbUKw/HZB_MMB_8-2001-12.jv.txt,nD9FcrBgT3uystJHOnbUKw,w,d,Forward,Light
140,0.90457,-19.606325,48.599484,8.619264,0.54,-15.9616,-8.619264000000001,0.028173,0.322327,../nD9FcrBgT3uystJHOnbUKw/HZB_MMB_8-2001-12.jv.txt,nD9FcrBgT3uystJHOnbUKw,w,e,Reverse,Light
141,0.870806,-19.602087,43.450162,7.416777,0.51,-14.5427,-7.416777,0.033926,0.215795,../nD9FcrBgT3uystJHOnbUKw/HZB_MMB_8-2001-12.jv.txt,nD9FcrBgT3uystJHOnbUKw,w,e,Forward,Light
142,1.016703,-21.887587,58.459939999999996,13.0092,0.69,-18.853912,-13.009199279999999,0.014424,0.564321,../nD9FcrBgT3uystJHOnbUKw/HZB_MMB_8-2001-12.jv.txt,nD9FcrBgT3uystJHOnbUKw,w,f,Reverse,Light
143,1.004068,-21.892619,52.249442,11.485299,0.66,-17.401969,-11.485299540000002,0.016968,0.525049,../nD9FcrBgT3uystJHOnbUKw/HZB_MMB_8-2001-12.jv.txt,nD9FcrBgT3uystJHOnbUKw,w,f,Forward,Light
144,0.019432,-3.9e-05,8628.038467,6.5e-05,1.2,-5.4e-05,-6.479999999999999e-05,503.935738,-2759.738542,../nD9FcrBgT3uystJHOnbUKw/HZB_MMB_8-2001-13.jv.txt,nD9FcrBgT3uystJHOnbUKw,w,a,Reverse,Light
145,0.0,-5e-05,0.0,5.3e-05,1.02,-5.2e-05,-5.304e-05,-940.653762,-1134.366839,../nD9FcrBgT3uystJHOnbUKw/HZB_MMB_8-2001-13.jv.txt,nD9FcrBgT3uystJHOnbUKw,w,a,Forward,Light
146,1.016331,-20.470825,57.94265399999999,12.05505,0.72,-16.743125,-12.05505,0.012451,0.404214,../nD9FcrBgT3uystJHOnbUKw/HZB_MMB_8-2001-13.jv.txt,nD9FcrBgT3uystJHOnbUKw,w,b,Reverse,Light
147,1.005645,-20.480081,51.774147000000006,10.663247,0.69,-15.453981,-10.66324689,0.014615,0.458624,../nD9FcrBgT3uystJHOnbUKw/HZB_MMB_8-2001-13.jv.txt,nD9FcrBgT3uystJHOnbUKw,w,b,Forward,Light
148,1.002183,-20.3895,62.427791,12.756506,0.72,-17.717369,-12.75650568,0.009504,0.747221,../nD9FcrBgT3uystJHOnbUKw/HZB_MMB_8-2001-13.jv.txt,nD9FcrBgT3uystJHOnbUKw,w,c,Reverse,Light
149,0.99226,-20.402538,57.10705,11.561103,0.72,-16.057088,-11.56110336,0.010621,0.821397,../nD9FcrBgT3uystJHOnbUKw/HZB_MMB_8-2001-13.jv.txt,nD9FcrBgT3uystJHOnbUKw,w,c,Forward,Light
150,0.986719,-20.064813,54.787568,10.847022,0.66,-16.434881,-10.84702146,0.018895,0.391952,../nD9FcrBgT3uystJHOnbUKw/HZB_MMB_8-2001-13.jv.txt,nD9FcrBgT3uystJHOnbUKw,w,d,Reverse,Light
151,0.964746,-20.065419,49.477061,9.577784,0.63,-15.202831,-9.57778353,0.021498,0.327667,../nD9FcrBgT3uystJHOnbUKw/HZB_MMB_8-2001-13.jv.txt,nD9FcrBgT3uystJHOnbUKw,w,d,Forward,Light
152,1.010641,-22.322831,64.094936,14.460052,0.75,-19.280069,-14.460051750000002,0.008406,1.22891,../nD9FcrBgT3uystJHOnbUKw/HZB_MMB_8-2001-13.jv.txt,nD9FcrBgT3uystJHOnbUKw,w,e,Reverse,Light
153,1.005954,-22.329687,60.662777,13.626454,0.72,-18.925631,-13.626454319999999,0.009275,1.112115,../nD9FcrBgT3uystJHOnbUKw/HZB_MMB_8-2001-13.jv.txt,nD9FcrBgT3uystJHOnbUKw,w,e,Forward,Light
154,1.011568,-21.713806,65.320477,14.347641,0.75,-19.130188,-14.347641,0.008025,1.067188,../nD9FcrBgT3uystJHOnbUKw/HZB_MMB_8-2001-13.jv.txt,nD9FcrBgT3uystJHOnbUKw,w,f,Reverse,Light
155,1.009617,-21.703381,62.34270000000001,13.660603,0.75,-18.214137,-13.66060275,0.00892,1.313917,../nD9FcrBgT3uystJHOnbUKw/HZB_MMB_8-2001-13.jv.txt,nD9FcrBgT3uystJHOnbUKw,w,f,Forward,Light
156,0.0,-2.5e-05,0.0,4.9e-05,0.84,-5.8e-05,-4.872e-05,1247.046384,-2491.38461,../nD9FcrBgT3uystJHOnbUKw/HZB_MMB_8-2001-14.jv.txt,nD9FcrBgT3uystJHOnbUKw,w,a,Reverse,Light
157,0.104093,-5.8e-05,1065.13695,6.4e-05,1.11,-5.8e-05,-6.438e-05,298.814156,8491.120764,../nD9FcrBgT3uystJHOnbUKw/HZB_MMB_8-2001-14.jv.txt,nD9FcrBgT3uystJHOnbUKw,w,a,Forward,Light
158,0.978187,-20.4874,49.15088,9.850088,0.57,-17.280856,-9.85008792,0.026198,0.34824,../nD9FcrBgT3uystJHOnbUKw/HZB_MMB_8-2001-14.jv.txt,nD9FcrBgT3uystJHOnbUKw,w,b,Reverse,Light
159,0.941204,-20.502381,45.643047,8.807704,0.57,-15.452113,-8.80770441,0.030312,0.278484,../nD9FcrBgT3uystJHOnbUKw/HZB_MMB_8-2001-14.jv.txt,nD9FcrBgT3uystJHOnbUKw,w,b,Forward,Light
160,1.013569,-22.063419,64.181117,14.352687,0.72,-19.934287,-14.35268664,0.008547,1.399621,../nD9FcrBgT3uystJHOnbUKw/HZB_MMB_8-2001-14.jv.txt,nD9FcrBgT3uystJHOnbUKw,w,c,Reverse,Light
161,1.017969,-22.061612,62.133697,13.954009,0.72,-19.380569,-13.95400968,0.01,1.340557,../nD9FcrBgT3uystJHOnbUKw/HZB_MMB_8-2001-14.jv.txt,nD9FcrBgT3uystJHOnbUKw,w,c,Forward,Light
162,1.01261,-23.699725,61.503482,14.759955,0.72,-20.499938,-14.75995536,0.008771,0.796046,../nD9FcrBgT3uystJHOnbUKw/HZB_MMB_8-2001-14.jv.txt,nD9FcrBgT3uystJHOnbUKw,w,d,Reverse,Light
163,1.014887,-23.693594,57.683811,13.870833,0.69,-20.102656,-13.870832639999998,0.011078,0.873251,../nD9FcrBgT3uystJHOnbUKw/HZB_MMB_8-2001-14.jv.txt,nD9FcrBgT3uystJHOnbUKw,w,d,Forward,Light
164,0.939206,-21.714762,55.677011,11.35512,0.63,-18.024,-11.355120000000001,0.017132,0.481657,../nD9FcrBgT3uystJHOnbUKw/HZB_MMB_8-2001-14.jv.txt,nD9FcrBgT3uystJHOnbUKw,w,e,Reverse,Light
165,0.914626,-21.721013,53.123959,10.553925,0.6,-17.589875,-10.553925,0.018324,0.421915,../nD9FcrBgT3uystJHOnbUKw/HZB_MMB_8-2001-14.jv.txt,nD9FcrBgT3uystJHOnbUKw,w,e,Forward,Light
166,1.001074,-22.395725,59.19741700000001,13.271926,0.69,-19.234675,-13.271925749999998,0.009101,0.434759,../nD9FcrBgT3uystJHOnbUKw/HZB_MMB_8-2001-14.jv.txt,nD9FcrBgT3uystJHOnbUKw,w,f,Reverse,Light
167,0.99867,-22.403556,53.554083,11.982066,0.69,-17.365312,-11.982065279999999,0.01132,0.453343,../nD9FcrBgT3uystJHOnbUKw/HZB_MMB_8-2001-14.jv.txt,nD9FcrBgT3uystJHOnbUKw,w,f,Forward,Light
168,0.048779,-4.7e-05,2912.749057,6.6e-05,1.2,-5.5e-05,-6.6e-05,313.674728,1391.053192,../nD9FcrBgT3uystJHOnbUKw/HZB_MMB_8-2001-15.jv.txt,nD9FcrBgT3uystJHOnbUKw,w,a,Reverse,Light
169,0.04983,-5.3e-05,2155.761524,5.7e-05,1.05,-5.4e-05,-5.67e-05,331.237954,1715.341568,../nD9FcrBgT3uystJHOnbUKw/HZB_MMB_8-2001-15.jv.txt,nD9FcrBgT3uystJHOnbUKw,w,a,Forward,Light
170,0.935626,-9.518556,39.511796,3.518845,0.6,-5.864741,-3.5188446,0.026014,0.226058,../nD9FcrBgT3uystJHOnbUKw/HZB_MMB_8-2001-15.jv.txt,nD9FcrBgT3uystJHOnbUKw,w,b,Reverse,Light
171,0.906417,-9.49575,35.852493,3.085864,0.54,-5.714562,-3.08586348,0.033884,0.170659,../nD9FcrBgT3uystJHOnbUKw/HZB_MMB_8-2001-15.jv.txt,nD9FcrBgT3uystJHOnbUKw,w,b,Forward,Light
172,0.713377,-13.525562,46.361028,4.473297,0.48,-9.319369,-4.47329712,0.017749,0.199641,../nD9FcrBgT3uystJHOnbUKw/HZB_MMB_8-2001-15.jv.txt,nD9FcrBgT3uystJHOnbUKw,w,c,Reverse,Light
173,0.693542,-13.538638,42.716496,4.010912,0.45,-8.913137,-4.010911650000001,0.017488,0.176748,../nD9FcrBgT3uystJHOnbUKw/HZB_MMB_8-2001-15.jv.txt,nD9FcrBgT3uystJHOnbUKw,w,c,Forward,Light
174,0.411844,-13.6464,34.642986,1.947,0.24,-8.1125,-1.947,0.017986,0.065761,../nD9FcrBgT3uystJHOnbUKw/HZB_MMB_8-2001-15.jv.txt,nD9FcrBgT3uystJHOnbUKw,w,d,Reverse,Light
175,0.404773,-13.639425,34.416634,1.900098,0.24,-7.917075,-1.9000979999999998,0.017079,0.063103,../nD9FcrBgT3uystJHOnbUKw/HZB_MMB_8-2001-15.jv.txt,nD9FcrBgT3uystJHOnbUKw,w,d,Forward,Light
176,0.991359,-21.187812,57.724194,12.124805,0.69,-17.572181,-12.12480489,0.009087,0.413113,../nD9FcrBgT3uystJHOnbUKw/HZB_MMB_8-2001-15.jv.txt,nD9FcrBgT3uystJHOnbUKw,w,e,Reverse,Light
177,0.982142,-21.200337,52.04273100000001,10.836206,0.66,-16.418494,-10.83620604,0.012425,0.405327,../nD9FcrBgT3uystJHOnbUKw/HZB_MMB_8-2001-15.jv.txt,nD9FcrBgT3uystJHOnbUKw,w,e,Forward,Light
178,0.537307,-18.921612,34.892777,3.547449,0.3,-11.824831,-3.5474493,0.013276,0.073128,../nD9FcrBgT3uystJHOnbUKw/HZB_MMB_8-2001-15.jv.txt,nD9FcrBgT3uystJHOnbUKw,w,f,Reverse,Light
179,0.518781,-18.913287,37.281978,3.65805,0.36,-10.16125,-3.6580500000000002,0.023192,0.072091,../nD9FcrBgT3uystJHOnbUKw/HZB_MMB_8-2001-15.jv.txt,nD9FcrBgT3uystJHOnbUKw,w,f,Forward,Light
180,0.0,-4.9e-05,0.0,6e-05,1.08,-5.5e-05,-5.940000000000001e-05,-1550.143259,7714.320704,../nD9FcrBgT3uystJHOnbUKw/HZB_MMB_8-2001-16.jv.txt,nD9FcrBgT3uystJHOnbUKw,w,a,Reverse,Light
181,0.162618,-4.5e-05,806.1992360000002,5.9e-05,1.05,-5.6e-05,-5.88e-05,303.017505,-3309.730907,../nD9FcrBgT3uystJHOnbUKw/HZB_MMB_8-2001-16.jv.txt,nD9FcrBgT3uystJHOnbUKw,w,a,Forward,Light
182,0.993736,-19.220987,58.379302,11.150788,0.69,-16.160563,-11.150788469999998,0.010624,0.369134,../nD9FcrBgT3uystJHOnbUKw/HZB_MMB_8-2001-16.jv.txt,nD9FcrBgT3uystJHOnbUKw,w,b,Reverse,Light
183,0.985725,-19.233975,51.1464,9.697054,0.66,-14.692506,-9.69705396,0.016248,0.421348,../nD9FcrBgT3uystJHOnbUKw/HZB_MMB_8-2001-16.jv.txt,nD9FcrBgT3uystJHOnbUKw,w,b,Forward,Light
184,0.99429,-20.397862,59.18494199999999,12.003529,0.69,-17.396419,-12.00352911,0.011395,0.690747,../nD9FcrBgT3uystJHOnbUKw/HZB_MMB_8-2001-16.jv.txt,nD9FcrBgT3uystJHOnbUKw,w,c,Reverse,Light
185,0.985252,-20.397269,54.692945,10.991343,0.66,-16.65355,-10.991343,0.016245,0.472534,../nD9FcrBgT3uystJHOnbUKw/HZB_MMB_8-2001-16.jv.txt,nD9FcrBgT3uystJHOnbUKw,w,c,Forward,Light
186,1.001128,-21.92835,63.629659,13.968675,0.72,-19.400937,-13.968674639999998,0.008165,1.032103,../nD9FcrBgT3uystJHOnbUKw/HZB_MMB_8-2001-16.jv.txt,nD9FcrBgT3uystJHOnbUKw,w,d,Reverse,Light
187,1.001424,-21.935594,59.904639,13.159154,0.69,-19.071237,-13.15915353,0.010091,0.814166,../nD9FcrBgT3uystJHOnbUKw/HZB_MMB_8-2001-16.jv.txt,nD9FcrBgT3uystJHOnbUKw,w,d,Forward,Light
188,1.005813,-20.090606,61.21007900000001,12.368956,0.72,-17.179106,-12.36895632,0.010295,0.694826,../nD9FcrBgT3uystJHOnbUKw/HZB_MMB_8-2001-16.jv.txt,nD9FcrBgT3uystJHOnbUKw,w,e,Reverse,Light
189,1.001687,-20.102019,56.19508900000001,11.315405,0.69,-16.399137,-11.315404529999999,0.012747,0.500594,../nD9FcrBgT3uystJHOnbUKw/HZB_MMB_8-2001-16.jv.txt,nD9FcrBgT3uystJHOnbUKw,w,e,Forward,Light
190,1.010263,-22.413969,63.696825000000004,14.423512,0.72,-20.032656,-14.423512319999999,0.007868,0.964514,../nD9FcrBgT3uystJHOnbUKw/HZB_MMB_8-2001-16.jv.txt,nD9FcrBgT3uystJHOnbUKw,w,f,Reverse,Light
191,1.016926,-22.412287,60.993553,13.901436,0.72,-19.30755,-13.901435999999999,0.009852,1.512859,../nD9FcrBgT3uystJHOnbUKw/HZB_MMB_8-2001-16.jv.txt,nD9FcrBgT3uystJHOnbUKw,w,f,Forward,Light
192,0.0,-1e-05,0.0,5.5e-05,0.96,-5.7e-05,-5.472e-05,-751.521832,1395.015129,../nD9FcrBgT3uystJHOnbUKw/HZB_MMB_8-2001-17.jv.txt,nD9FcrBgT3uystJHOnbUKw,w,a,Reverse,Light
193,0.071983,-6.2e-05,1654.4429150000003,7.4e-05,1.2,-6.1e-05,-7.319999999999999e-05,320.049458,938.888389,../nD9FcrBgT3uystJHOnbUKw/HZB_MMB_8-2001-17.jv.txt,nD9FcrBgT3uystJHOnbUKw,w,a,Forward,Light
194,0.828281,-18.701619,46.362697,7.181673,0.51,-14.081712,-7.18167312,0.018506,0.202892,../nD9FcrBgT3uystJHOnbUKw/HZB_MMB_8-2001-17.jv.txt,nD9FcrBgT3uystJHOnbUKw,w,b,Reverse,Light
195,0.794562,-18.691331,43.429063,6.449836,0.51,-12.646737,-6.44983587,0.019634,0.151803,../nD9FcrBgT3uystJHOnbUKw/HZB_MMB_8-2001-17.jv.txt,nD9FcrBgT3uystJHOnbUKw,w,b,Forward,Light
196,0.884773,-18.421944,49.149763,8.01104,0.57,-14.054456,-8.01103992,0.020088,0.208588,../nD9FcrBgT3uystJHOnbUKw/HZB_MMB_8-2001-17.jv.txt,nD9FcrBgT3uystJHOnbUKw,w,c,Reverse,Light
197,0.853674,-18.4261,44.711609,7.033081,0.54,-13.024225,-7.0330815,0.025734,0.170365,../nD9FcrBgT3uystJHOnbUKw/HZB_MMB_8-2001-17.jv.txt,nD9FcrBgT3uystJHOnbUKw,w,c,Forward,Light
198,1.009993,-22.276069,61.167856,13.761963,0.72,-19.113837,-13.76196264,0.008185,0.596904,../nD9FcrBgT3uystJHOnbUKw/HZB_MMB_8-2001-17.jv.txt,nD9FcrBgT3uystJHOnbUKw,w,d,Reverse,Light
199,1.005705,-22.280856,56.798249,12.727332,0.72,-17.67685,-12.727332,0.009212,0.563486,../nD9FcrBgT3uystJHOnbUKw/HZB_MMB_8-2001-17.jv.txt,nD9FcrBgT3uystJHOnbUKw,w,d,Forward,Light
200,0.995442,-20.122456,57.286060000000006,11.474825,0.69,-16.630181,-11.474824889999999,0.010042,0.319153,../nD9FcrBgT3uystJHOnbUKw/HZB_MMB_8-2001-17.jv.txt,nD9FcrBgT3uystJHOnbUKw,w,e,Reverse,Light
201,0.990404,-20.136706,51.054659,10.182071,0.69,-14.756625,-10.182071249999998,0.01172,0.365433,../nD9FcrBgT3uystJHOnbUKw/HZB_MMB_8-2001-17.jv.txt,nD9FcrBgT3uystJHOnbUKw,w,e,Forward,Light
202,0.995238,-20.529831,56.778974000000005,11.601121,0.69,-16.813219,-11.60112111,0.01132,0.379276,../nD9FcrBgT3uystJHOnbUKw/HZB_MMB_8-2001-17.jv.txt,nD9FcrBgT3uystJHOnbUKw,w,f,Reverse,Light
203,0.981612,-20.530656,51.36570700000001,10.351807,0.66,-15.684556,-10.351806960000001,0.016592,0.330697,../nD9FcrBgT3uystJHOnbUKw/HZB_MMB_8-2001-17.jv.txt,nD9FcrBgT3uystJHOnbUKw,w,f,Forward,Light
204,0.0,-5.3e-05,0.0,6.1e-05,1.2,-5.1e-05,-6.12e-05,-3029.000789,-62726.649025,../nD9FcrBgT3uystJHOnbUKw/HZB_MMB_8-2001-18.jv.txt,nD9FcrBgT3uystJHOnbUKw,w,a,Reverse,Light
205,0.012616,-1.7e-05,29842.728427,6.5e-05,1.14,-5.7e-05,-6.498e-05,735.190394,-1620.316883,../nD9FcrBgT3uystJHOnbUKw/HZB_MMB_8-2001-18.jv.txt,nD9FcrBgT3uystJHOnbUKw,w,a,Forward,Light
206,1.006727,-19.746269,55.184683,10.970224,0.69,-15.898875,-10.970223749999999,0.011495,0.389335,../nD9FcrBgT3uystJHOnbUKw/HZB_MMB_8-2001-18.jv.txt,nD9FcrBgT3uystJHOnbUKw,w,b,Reverse,Light
207,0.997664,-19.736037,50.085998,9.861897,0.66,-14.942269,-9.861897540000001,0.012918,0.359139,../nD9FcrBgT3uystJHOnbUKw/HZB_MMB_8-2001-18.jv.txt,nD9FcrBgT3uystJHOnbUKw,w,b,Forward,Light
208,0.560782,-18.476431,37.247372,3.859296,0.33,-11.694837,-3.85929621,0.014612,0.076339,../nD9FcrBgT3uystJHOnbUKw/HZB_MMB_8-2001-18.jv.txt,nD9FcrBgT3uystJHOnbUKw,w,c,Reverse,Light
209,0.547825,-18.4718,36.281606,3.67145,0.33,-11.125606,-3.67144998,0.014475,0.069019,../nD9FcrBgT3uystJHOnbUKw/HZB_MMB_8-2001-18.jv.txt,nD9FcrBgT3uystJHOnbUKw,w,c,Forward,Light
210,1.009207,-22.085225,56.851409,12.671358,0.69,-18.364287,-12.67135803,0.009622,0.455866,../nD9FcrBgT3uystJHOnbUKw/HZB_MMB_8-2001-18.jv.txt,nD9FcrBgT3uystJHOnbUKw,w,d,Reverse,Light
211,1.000855,-22.084888,52.30644600000001,11.5617,0.69,-16.756087,-11.561700029999999,0.010608,0.369825,../nD9FcrBgT3uystJHOnbUKw/HZB_MMB_8-2001-18.jv.txt,nD9FcrBgT3uystJHOnbUKw,w,d,Forward,Light
212,1.012056,-21.980194,58.900697,13.102569,0.72,-18.198012,-13.102568639999998,0.009323,0.436264,../nD9FcrBgT3uystJHOnbUKw/HZB_MMB_8-2001-18.jv.txt,nD9FcrBgT3uystJHOnbUKw,w,e,Reverse,Light
213,1.006461,-21.957238,54.820426,12.114826,0.69,-17.557719,-12.114826109999997,0.010363,0.470574,../nD9FcrBgT3uystJHOnbUKw/HZB_MMB_8-2001-18.jv.txt,nD9FcrBgT3uystJHOnbUKw,w,e,Forward,Light
214,1.000659,-21.318738,57.676728,12.30405,0.69,-17.831956,-12.30404964,0.009121,0.37622,../nD9FcrBgT3uystJHOnbUKw/HZB_MMB_8-2001-18.jv.txt,nD9FcrBgT3uystJHOnbUKw,w,f,Reverse,Light
215,0.995138,-21.3114,52.579607,11.150969,0.69,-16.160825,-11.15096925,0.01031,0.354144,../nD9FcrBgT3uystJHOnbUKw/HZB_MMB_8-2001-18.jv.txt,nD9FcrBgT3uystJHOnbUKw,w,f,Forward,Light
216,0.064661,-6e-05,1742.525329,6.7e-05,1.17,-5.7e-05,-6.669e-05,447.306377,765.791885,../nD9FcrBgT3uystJHOnbUKw/HZB_MMB_8-2001-19.jv.txt,nD9FcrBgT3uystJHOnbUKw,w,a,Reverse,Light
217,0.045491,-2.3e-05,6243.364093,6.6e-05,1.14,-5.8e-05,-6.612e-05,292.150127,1267.71118,../nD9FcrBgT3uystJHOnbUKw/HZB_MMB_8-2001-19.jv.txt,nD9FcrBgT3uystJHOnbUKw,w,a,Forward,Light
218,1.020775,-22.628331,62.73844900000001,14.491606,0.72,-20.127231,-14.491606319999999,0.009321,1.399539,../nD9FcrBgT3uystJHOnbUKw/HZB_MMB_8-2001-19.jv.txt,nD9FcrBgT3uystJHOnbUKw,w,b,Reverse,Light
219,1.013217,-22.631406,59.88986700000001,13.733059,0.72,-19.073694,-13.733059679999998,0.012336,1.132369,../nD9FcrBgT3uystJHOnbUKw/HZB_MMB_8-2001-19.jv.txt,nD9FcrBgT3uystJHOnbUKw,w,b,Forward,Light
220,1.020937,-21.231731,63.557095,13.776804,0.72,-19.13445,-13.776804,0.008932,1.37666,../nD9FcrBgT3uystJHOnbUKw/HZB_MMB_8-2001-19.jv.txt,nD9FcrBgT3uystJHOnbUKw,w,c,Reverse,Light
221,1.01328,-21.229731,60.527457,13.020457,0.72,-18.083969,-13.02045768,0.012409,1.713918,../nD9FcrBgT3uystJHOnbUKw/HZB_MMB_8-2001-19.jv.txt,nD9FcrBgT3uystJHOnbUKw,w,c,Forward,Light
222,1.007882,-22.912106,64.366135,14.863883,0.72,-20.644281,-14.863882319999998,0.008938,1.334631,../nD9FcrBgT3uystJHOnbUKw/HZB_MMB_8-2001-19.jv.txt,nD9FcrBgT3uystJHOnbUKw,w,d,Reverse,Light
223,1.00236,-22.904225,61.343931,14.08351,0.72,-19.560431,-14.08351032,0.009992,1.052886,../nD9FcrBgT3uystJHOnbUKw/HZB_MMB_8-2001-19.jv.txt,nD9FcrBgT3uystJHOnbUKw,w,d,Forward,Light
224,1.01824,-21.787206,64.757117,14.36611,0.72,-19.952931,-14.366110319999999,0.010032,1.421464,../nD9FcrBgT3uystJHOnbUKw/HZB_MMB_8-2001-19.jv.txt,nD9FcrBgT3uystJHOnbUKw,w,e,Reverse,Light
225,1.011592,-21.784569,61.97947500000001,13.658481,0.72,-18.970112,-13.65848064,0.011324,1.148985,../nD9FcrBgT3uystJHOnbUKw/HZB_MMB_8-2001-19.jv.txt,nD9FcrBgT3uystJHOnbUKw,w,e,Forward,Light
226,1.008162,-22.587981,63.86690500000001,14.543995,0.72,-20.199994,-14.54399568,0.009346,1.58327,../nD9FcrBgT3uystJHOnbUKw/HZB_MMB_8-2001-19.jv.txt,nD9FcrBgT3uystJHOnbUKw,w,f,Reverse,Light
227,1.002439,-22.587287,60.264826000000006,13.645386,0.72,-18.951925,-13.645385999999998,0.010768,1.376541,../nD9FcrBgT3uystJHOnbUKw/HZB_MMB_8-2001-19.jv.txt,nD9FcrBgT3uystJHOnbUKw,w,f,Forward,Light
228,0.0,-5.7e-05,0.0,5.7e-05,1.14,-5e-05,-5.6999999999999996e-05,-14069.067397,-4158.623052,../nD9FcrBgT3uystJHOnbUKw/HZB_MMB_8-2001-20.jv.txt,nD9FcrBgT3uystJHOnbUKw,w,a,Reverse,Light
229,0.0,-3.5e-05,0.0,6.2e-05,1.14,-5.5e-05,-6.269999999999999e-05,2116.989236,-1298.727688,../nD9FcrBgT3uystJHOnbUKw/HZB_MMB_8-2001-20.jv.txt,nD9FcrBgT3uystJHOnbUKw,w,a,Forward,Light
230,1.022027,-21.57755,59.185395,13.052066,0.69,-18.916037,-13.052065529999998,0.0112,1.071931,../nD9FcrBgT3uystJHOnbUKw/HZB_MMB_8-2001-20.jv.txt,nD9FcrBgT3uystJHOnbUKw,w,b,Reverse,Light
231,1.010482,-21.580087,56.341408,12.285967,0.69,-17.80575,-12.285967499999998,0.015202,0.82903,../nD9FcrBgT3uystJHOnbUKw/HZB_MMB_8-2001-20.jv.txt,nD9FcrBgT3uystJHOnbUKw,w,b,Forward,Light
232,1.015647,-21.694619,62.691402,13.813466,0.72,-19.185369,-13.81346568,0.010416,1.149068,../nD9FcrBgT3uystJHOnbUKw/HZB_MMB_8-2001-20.jv.txt,nD9FcrBgT3uystJHOnbUKw,w,c,Reverse,Light
233,1.009388,-21.689144,59.819393,13.096116,0.72,-18.18905,-13.096116,0.011246,1.213838,../nD9FcrBgT3uystJHOnbUKw/HZB_MMB_8-2001-20.jv.txt,nD9FcrBgT3uystJHOnbUKw,w,c,Forward,Light
234,1.015881,-23.161594,60.93621300000001,14.337936,0.72,-19.9138,-14.337936,0.010699,0.838091,../nD9FcrBgT3uystJHOnbUKw/HZB_MMB_8-2001-20.jv.txt,nD9FcrBgT3uystJHOnbUKw,w,d,Reverse,Light
235,1.008079,-23.163594,57.52618300000001,13.432782,0.69,-19.4678,-13.432782,0.011821,0.808898,../nD9FcrBgT3uystJHOnbUKw/HZB_MMB_8-2001-20.jv.txt,nD9FcrBgT3uystJHOnbUKw,w,d,Forward,Light
236,1.007576,-22.279906,62.899328,14.120082,0.72,-19.611225,-14.120082,0.009863,0.928829,../nD9FcrBgT3uystJHOnbUKw/HZB_MMB_8-2001-20.jv.txt,nD9FcrBgT3uystJHOnbUKw,w,e,Reverse,Light
237,0.999327,-22.284075,59.099360000000004,13.160879,0.69,-19.073737,-13.16087853,0.011009,0.751939,../nD9FcrBgT3uystJHOnbUKw/HZB_MMB_8-2001-20.jv.txt,nD9FcrBgT3uystJHOnbUKw,w,e,Forward,Light
238,1.008308,-22.156125,59.220346,13.229944,0.69,-19.173831,-13.229943389999999,0.012171,0.564653,../nD9FcrBgT3uystJHOnbUKw/HZB_MMB_8-2001-20.jv.txt,nD9FcrBgT3uystJHOnbUKw,w,f,Reverse,Light
239,0.996364,-22.152644,54.53773,12.03762,0.66,-18.238819,-12.03762054,0.014672,0.51527,../nD9FcrBgT3uystJHOnbUKw/HZB_MMB_8-2001-20.jv.txt,nD9FcrBgT3uystJHOnbUKw,w,f,Forward,Light
240,0.048904,-5.5e-05,2375.783599,6.4e-05,1.11,-5.8e-05,-6.438e-05,312.523114,1279.819563,../nD9FcrBgT3uystJHOnbUKw/HZB_MMB_8-2001-21.jv.txt,nD9FcrBgT3uystJHOnbUKw,w,a,Reverse,Light
241,0.0,-5.2e-05,0.0,6.5e-05,1.17,-5.6e-05,-6.552e-05,-633.401025,-1096.943537,../nD9FcrBgT3uystJHOnbUKw/HZB_MMB_8-2001-21.jv.txt,nD9FcrBgT3uystJHOnbUKw,w,a,Forward,Light
242,1.016173,-21.635119,58.039418,12.759976,0.69,-18.492719,-12.75997611,0.012181,0.426235,../nD9FcrBgT3uystJHOnbUKw/HZB_MMB_8-2001-21.jv.txt,nD9FcrBgT3uystJHOnbUKw,w,b,Reverse,Light
243,0.999698,-21.647038,52.122237999999996,11.279511,0.66,-17.090169,-11.27951154,0.013656,0.431278,../nD9FcrBgT3uystJHOnbUKw/HZB_MMB_8-2001-21.jv.txt,nD9FcrBgT3uystJHOnbUKw,w,b,Forward,Light
244,1.010665,-29.972387,44.631372,13.519749,0.66,-20.484469,-13.519749540000001,0.012253,-1655.172414,../nD9FcrBgT3uystJHOnbUKw/HZB_MMB_8-2001-21.jv.txt,nD9FcrBgT3uystJHOnbUKw,w,c,Reverse,Light
245,0.995933,-29.972375,42.267684,12.617108,0.63,-20.027156,-12.617108280000002,0.014264,-1090.909091,../nD9FcrBgT3uystJHOnbUKw/HZB_MMB_8-2001-21.jv.txt,nD9FcrBgT3uystJHOnbUKw,w,c,Forward,Light
246,1.01647,-22.505263,56.96265700000001,13.030732,0.69,-18.885119,-13.030732109999999,0.011829,0.476285,../nD9FcrBgT3uystJHOnbUKw/HZB_MMB_8-2001-21.jv.txt,nD9FcrBgT3uystJHOnbUKw,w,d,Reverse,Light
247,1.002371,-22.51865,51.26440100000001,11.571421,0.66,-17.532456,-11.571420960000001,0.013384,0.495366,../nD9FcrBgT3uystJHOnbUKw/HZB_MMB_8-2001-21.jv.txt,nD9FcrBgT3uystJHOnbUKw,w,d,Forward,Light
248,1.01437,-22.163062,61.075039,13.730616,0.72,-19.0703,-13.730616,0.00992,0.526408,../nD9FcrBgT3uystJHOnbUKw/HZB_MMB_8-2001-21.jv.txt,nD9FcrBgT3uystJHOnbUKw,w,e,Reverse,Light
249,1.003733,-22.1539,56.657143,12.598623,0.72,-17.498088,-12.59862336,0.010905,0.757935,../nD9FcrBgT3uystJHOnbUKw/HZB_MMB_8-2001-21.jv.txt,nD9FcrBgT3uystJHOnbUKw,w,e,Forward,Light
250,1.007116,-19.747281,51.218299,10.186198,0.63,-16.168569,-10.18619847,0.016357,0.281202,../nD9FcrBgT3uystJHOnbUKw/HZB_MMB_8-2001-21.jv.txt,nD9FcrBgT3uystJHOnbUKw,w,f,Reverse,Light
251,0.987492,-19.766594,43.626452,8.515597,0.6,-14.192662,-8.5155972,0.026413,0.254558,../nD9FcrBgT3uystJHOnbUKw/HZB_MMB_8-2001-21.jv.txt,nD9FcrBgT3uystJHOnbUKw,w,f,Forward,Light
252,0.0,-5.1e-05,0.0,6.1e-05,1.08,-5.7e-05,-6.156000000000001e-05,5046.161868,-1153.182636,../nD9FcrBgT3uystJHOnbUKw/HZB_MMB_8-2001-22.jv.txt,nD9FcrBgT3uystJHOnbUKw,w,a,Reverse,Light
253,0.0,-4.6e-05,0.0,6.7e-05,1.17,-5.8e-05,-6.785999999999999e-05,2605.445925,-3174.624845,../nD9FcrBgT3uystJHOnbUKw/HZB_MMB_8-2001-22.jv.txt,nD9FcrBgT3uystJHOnbUKw,w,a,Forward,Light
254,0.998596,-20.214156,55.60847400000001,11.224998,0.69,-16.268113,-11.224997969999999,0.010568,0.366465,../nD9FcrBgT3uystJHOnbUKw/HZB_MMB_8-2001-22.jv.txt,nD9FcrBgT3uystJHOnbUKw,w,b,Reverse,Light
255,0.983207,-20.230575,48.05863200000001,9.559271,0.66,-14.483744,-9.55927104,0.014826,0.368347,../nD9FcrBgT3uystJHOnbUKw/HZB_MMB_8-2001-22.jv.txt,nD9FcrBgT3uystJHOnbUKw,w,b,Forward,Light
256,1.020944,-21.596544,60.066954,13.244076,0.69,-19.194312,-13.244075279999999,0.010219,1.063971,../nD9FcrBgT3uystJHOnbUKw/HZB_MMB_8-2001-22.jv.txt,nD9FcrBgT3uystJHOnbUKw,w,c,Reverse,Light
257,1.00789,-21.594787,56.40368800000001,12.276359,0.69,-17.791825,-12.276359249999999,0.014674,0.925712,../nD9FcrBgT3uystJHOnbUKw/HZB_MMB_8-2001-22.jv.txt,nD9FcrBgT3uystJHOnbUKw,w,c,Forward,Light
258,1.012533,-21.733788,56.415814,12.414963,0.69,-17.9927,-12.414962999999998,0.01183,0.504684,../nD9FcrBgT3uystJHOnbUKw/HZB_MMB_8-2001-22.jv.txt,nD9FcrBgT3uystJHOnbUKw,w,d,Reverse,Light
259,0.999959,-21.752344,50.13285200000001,10.904627,0.66,-16.522163,-10.90462758,0.01407,0.483384,../nD9FcrBgT3uystJHOnbUKw/HZB_MMB_8-2001-22.jv.txt,nD9FcrBgT3uystJHOnbUKw,w,d,Forward,Light
260,1.020217,-22.490531,60.83746599999999,13.959288,0.72,-19.3879,-13.959287999999999,0.009008,0.840057,../nD9FcrBgT3uystJHOnbUKw/HZB_MMB_8-2001-22.jv.txt,nD9FcrBgT3uystJHOnbUKw,w,e,Reverse,Light
261,1.008596,-22.494756,57.070951,12.948329,0.69,-18.765694,-12.948328859999998,0.012668,0.8284,../nD9FcrBgT3uystJHOnbUKw/HZB_MMB_8-2001-22.jv.txt,nD9FcrBgT3uystJHOnbUKw,w,e,Forward,Light
262,1.009966,-21.128031,55.64138,11.873082,0.66,-17.989519,-11.873082540000002,0.012585,0.479319,../nD9FcrBgT3uystJHOnbUKw/HZB_MMB_8-2001-22.jv.txt,nD9FcrBgT3uystJHOnbUKw,w,f,Reverse,Light
263,0.998289,-21.121675,49.503335,10.438044,0.66,-15.815219,-10.438044540000002,0.015215,0.446852,../nD9FcrBgT3uystJHOnbUKw/HZB_MMB_8-2001-22.jv.txt,nD9FcrBgT3uystJHOnbUKw,w,f,Forward,Light
264,0.0,-5e-05,0.0,5.8e-05,1.17,-5e-05,-5.85e-05,-1536.883278,-1012.7282,../nD9FcrBgT3uystJHOnbUKw/HZB_MMB_8-2001-23.jv.txt,nD9FcrBgT3uystJHOnbUKw,w,a,Reverse,Light
265,0.103163,-5.8e-05,1031.386864,6.2e-05,1.08,-5.8e-05,-6.264000000000001e-05,303.18942,3644.56944,../nD9FcrBgT3uystJHOnbUKw/HZB_MMB_8-2001-23.jv.txt,nD9FcrBgT3uystJHOnbUKw,w,a,Forward,Light
266,0.652248,-20.496444,42.291463,5.653847,0.39,-14.497044,-5.653847160000001,0.016161,0.10583,../nD9FcrBgT3uystJHOnbUKw/HZB_MMB_8-2001-23.jv.txt,nD9FcrBgT3uystJHOnbUKw,w,b,Reverse,Light
267,0.633438,-20.477162,40.935934,5.309804,0.39,-13.614881,-5.3098035900000005,0.01689,0.093125,../nD9FcrBgT3uystJHOnbUKw/HZB_MMB_8-2001-23.jv.txt,nD9FcrBgT3uystJHOnbUKw,w,b,Forward,Light
268,0.982458,-20.777537,50.967225000000006,10.403966,0.6,-17.339944,-10.4039664,0.020686,0.753237,../nD9FcrBgT3uystJHOnbUKw/HZB_MMB_8-2001-23.jv.txt,nD9FcrBgT3uystJHOnbUKw,w,c,Reverse,Light
269,0.951859,-20.774631,48.438426,9.578465,0.57,-16.804325,-9.578465249999999,0.025617,0.508971,../nD9FcrBgT3uystJHOnbUKw/HZB_MMB_8-2001-23.jv.txt,nD9FcrBgT3uystJHOnbUKw,w,c,Forward,Light
270,1.026633,-22.647331,58.82123300000001,13.676236,0.69,-19.820631,-13.676235389999999,0.00992,0.732377,../nD9FcrBgT3uystJHOnbUKw/HZB_MMB_8-2001-23.jv.txt,nD9FcrBgT3uystJHOnbUKw,w,d,Reverse,Light
271,1.018894,-22.641719,55.276068,12.751925,0.69,-18.48105,-12.7519245,0.013928,0.692301,../nD9FcrBgT3uystJHOnbUKw/HZB_MMB_8-2001-23.jv.txt,nD9FcrBgT3uystJHOnbUKw,w,d,Forward,Light
272,1.025382,-21.572363,56.563248,12.511735,0.66,-18.957175,-12.5117355,0.012533,0.85303,../nD9FcrBgT3uystJHOnbUKw/HZB_MMB_8-2001-23.jv.txt,nD9FcrBgT3uystJHOnbUKw,w,e,Reverse,Light
273,1.011916,-21.568594,52.468678000000004,11.45161,0.66,-17.350925,-11.451610500000001,0.018443,0.605632,../nD9FcrBgT3uystJHOnbUKw/HZB_MMB_8-2001-23.jv.txt,nD9FcrBgT3uystJHOnbUKw,w,e,Forward,Light
274,1.022777,-21.690225,56.522831,12.539179,0.66,-18.998756,-12.539178960000001,0.011936,0.725317,../nD9FcrBgT3uystJHOnbUKw/HZB_MMB_8-2001-23.jv.txt,nD9FcrBgT3uystJHOnbUKw,w,f,Reverse,Light
275,1.015488,-21.69915,51.415351,11.329487,0.63,-17.983313,-11.32948719,0.018614,0.511809,../nD9FcrBgT3uystJHOnbUKw/HZB_MMB_8-2001-23.jv.txt,nD9FcrBgT3uystJHOnbUKw,w,f,Forward,Light
276,0.04784,-2.9e-05,4288.770199,5.9e-05,1.05,-5.6e-05,-5.88e-05,288.615334,1450.528151,../nD9FcrBgT3uystJHOnbUKw/HZB_MMB_8-2001-24.jv.txt,nD9FcrBgT3uystJHOnbUKw,w,a,Reverse,Light
277,0.10327,-5.4e-05,1275.367783,7.1e-05,1.2,-5.9e-05,-7.08e-05,303.695346,4174.78285,../nD9FcrBgT3uystJHOnbUKw/HZB_MMB_8-2001-24.jv.txt,nD9FcrBgT3uystJHOnbUKw,w,a,Forward,Light
278,0.975886,-18.106306,54.553036,9.639354,0.66,-14.605081,-9.63935346,0.013817,0.259709,../nD9FcrBgT3uystJHOnbUKw/HZB_MMB_8-2001-24.jv.txt,nD9FcrBgT3uystJHOnbUKw,w,b,Reverse,Light
279,0.964517,-18.116263,46.707062,8.161329,0.66,-12.36565,-8.161329,0.01623,0.264715,../nD9FcrBgT3uystJHOnbUKw/HZB_MMB_8-2001-24.jv.txt,nD9FcrBgT3uystJHOnbUKw,w,b,Forward,Light
280,0.792279,-16.298812,45.776143,5.911168,0.51,-11.590525,-5.91116775,0.019469,0.159179,../nD9FcrBgT3uystJHOnbUKw/HZB_MMB_8-2001-24.jv.txt,nD9FcrBgT3uystJHOnbUKw,w,c,Reverse,Light
281,0.758019,-16.271681,39.971798,4.930218,0.48,-10.271288,-4.93021824,0.022605,0.116573,../nD9FcrBgT3uystJHOnbUKw/HZB_MMB_8-2001-24.jv.txt,nD9FcrBgT3uystJHOnbUKw,w,c,Forward,Light
282,0.97417,-18.464063,55.928236,10.059885,0.69,-14.579544,-10.059885359999999,0.011954,0.362998,../nD9FcrBgT3uystJHOnbUKw/HZB_MMB_8-2001-24.jv.txt,nD9FcrBgT3uystJHOnbUKw,w,d,Reverse,Light
283,0.963759,-18.474425,48.656982,8.663325,0.66,-13.12625,-8.663325,0.01343,0.341202,../nD9FcrBgT3uystJHOnbUKw/HZB_MMB_8-2001-24.jv.txt,nD9FcrBgT3uystJHOnbUKw,w,d,Forward,Light
284,1.006234,-19.845062,57.066448,11.395471,0.72,-15.827044,-11.39547168,0.010706,0.39739,../nD9FcrBgT3uystJHOnbUKw/HZB_MMB_8-2001-24.jv.txt,nD9FcrBgT3uystJHOnbUKw,w,e,Reverse,Light
285,0.995118,-19.862675,50.760419,10.033156,0.69,-14.540806,-10.03315614,0.012247,0.348662,../nD9FcrBgT3uystJHOnbUKw/HZB_MMB_8-2001-24.jv.txt,nD9FcrBgT3uystJHOnbUKw,w,e,Forward,Light
286,0.734437,-12.796713,45.568216,4.282671,0.48,-8.922231,-4.2826708799999995,0.019784,0.180242,../nD9FcrBgT3uystJHOnbUKw/HZB_MMB_8-2001-24.jv.txt,nD9FcrBgT3uystJHOnbUKw,w,f,Reverse,Light
287,0.709535,-12.789112,40.607962,3.684898,0.45,-8.188662,-3.6848979000000006,0.024065,0.1489,../nD9FcrBgT3uystJHOnbUKw/HZB_MMB_8-2001-24.jv.txt,nD9FcrBgT3uystJHOnbUKw,w,f,Forward,Light
