,Voc(V),Jsc(mA/cm2),FF(%),PCE(%),V_mpp(V),J_mpp(mA/cm2),P_mpp(mW/cm2),R_series(Ohmcm2),R_shunt(Ohmcm2),sample,batch,condition,cell,direction,ilum
0,1.127432,-11.475219,74.058007,9.581276,0.9,-10.645862,-9.5812758,0.008788,11.730205,../GJFpDmbQSsaoRbYD3P1suw/HZB_AF_B18_P1_C-1.Green_1-1.jv.txt,GJFpDmbQSsaoRbYD3P1suw,w,a,Forward,Light
1,1.118094,-11.470813,79.823174,10.237681,0.95,-10.776506,-10.237680699999999,0.007039,12.899065,../GJFpDmbQSsaoRbYD3P1suw/HZB_AF_B18_P1_C-1.Green_1-1.jv.txt,GJFpDmbQSsaoRbYD3P1suw,w,a,Reverse,Light
2,0.053554,-9.46115,6.196505,0.031397,0.05,-0.627936,-0.0313968,0.00566,0.006105,../GJFpDmbQSsaoRbYD3P1suw/HZB_AF_B18_P1_C-1.Green_1-1.jv.txt,GJFpDmbQSsaoRbYD3P1suw,w,b,Forward,Light
3,0.053065,-9.424887,5.448819,0.027251,0.05,-0.545025,-0.02725125,0.005624,0.006081,../GJFpDmbQSsaoRbYD3P1suw/HZB_AF_B18_P1_C-1.Green_1-1.jv.txt,GJFpDmbQSsaoRbYD3P1suw,w,b,Reverse,Light
4,1.119708,-12.710062,76.291257,10.857431,0.95,-11.428875,-10.85743125,0.006622,7.675333,../GJFpDmbQSsaoRbYD3P1suw/HZB_AF_B18_P1_C-1.Green_1-1.jv.txt,GJFpDmbQSsaoRbYD3P1suw,w,c,Forward,Light
5,1.112956,-12.692219,79.175063,11.184172,0.95,-11.772813,-11.184172349999999,0.006065,25.526484,../GJFpDmbQSsaoRbYD3P1suw/HZB_AF_B18_P1_C-1.Green_1-1.jv.txt,GJFpDmbQSsaoRbYD3P1suw,w,c,Reverse,Light
6,1.129421,-19.2513,75.07227,16.322833,0.9,-18.136481,-16.3228329,0.005743,12.722646,../GJFpDmbQSsaoRbYD3P1suw/HZB_AF_B18_P1_C-1.Green_1-1.jv.txt,GJFpDmbQSsaoRbYD3P1suw,w,d,Forward,Light
7,1.12162,-19.2404,77.39885900000002,16.702995,0.95,-17.5821,-16.702995,0.005311,6.256354,../GJFpDmbQSsaoRbYD3P1suw/HZB_AF_B18_P1_C-1.Green_1-1.jv.txt,GJFpDmbQSsaoRbYD3P1suw,w,d,Reverse,Light
8,1.11554,-13.756025,76.462935,11.733539,0.95,-12.351094,-11.733539299999999,0.005855,5.048911,../GJFpDmbQSsaoRbYD3P1suw/HZB_AF_B18_P1_C-1.Green_1-1.jv.txt,GJFpDmbQSsaoRbYD3P1suw,w,e,Forward,Light
9,1.109237,-13.728894,78.289148,11.922334,0.95,-12.549825,-11.92233375,0.005409,5.22466,../GJFpDmbQSsaoRbYD3P1suw/HZB_AF_B18_P1_C-1.Green_1-1.jv.txt,GJFpDmbQSsaoRbYD3P1suw,w,e,Reverse,Light
10,1.088429,-19.660012,59.516579,12.735675,0.8,-15.919594,-12.735675200000001,0.008271,0.439138,../GJFpDmbQSsaoRbYD3P1suw/HZB_AF_B18_P1_C-1.Green_1-1.jv.txt,GJFpDmbQSsaoRbYD3P1suw,w,f,Forward,Light
11,1.086464,-19.655088,61.541973000000006,13.142004,0.85,-15.461181,-13.14200385,0.007016,0.441996,../GJFpDmbQSsaoRbYD3P1suw/HZB_AF_B18_P1_C-1.Green_1-1.jv.txt,GJFpDmbQSsaoRbYD3P1suw,w,f,Reverse,Light
12,0.908813,-19.035025,72.640987,12.566365,0.7,-17.95195,-12.566365,0.00717,0.159368,../GJFpDmbQSsaoRbYD3P1suw/HZB_AF_B18_P1_C-2.Green_1-2.jv.txt,GJFpDmbQSsaoRbYD3P1suw,w,a,Forward,Light
13,0.96709,-20.386975,70.705597,13.940344,0.75,-18.587125,-13.94034375,0.006429,1.182452,../GJFpDmbQSsaoRbYD3P1suw/HZB_AF_B18_P1_C-2.Green_1-2.jv.txt,GJFpDmbQSsaoRbYD3P1suw,w,a,Reverse,Light
14,0.598533,-4.537853,24.740953,0.671977,0.3,-2.239924,-0.6719771999999999,0.125351,0.128689,../GJFpDmbQSsaoRbYD3P1suw/HZB_AF_B18_P1_C-2.Green_1-2.jv.txt,GJFpDmbQSsaoRbYD3P1suw,w,b,Forward,Light
15,0.598377,-3.819695,26.484268,0.605329,0.3,-2.017764,-0.6053292,0.136423,0.155549,../GJFpDmbQSsaoRbYD3P1suw/HZB_AF_B18_P1_C-2.Green_1-2.jv.txt,GJFpDmbQSsaoRbYD3P1suw,w,b,Reverse,Light
16,0.940443,-19.234538,56.635188,10.244728,0.75,-13.659637,-10.24472775,0.008937,0.158006,../GJFpDmbQSsaoRbYD3P1suw/HZB_AF_B18_P1_C-2.Green_1-2.jv.txt,GJFpDmbQSsaoRbYD3P1suw,w,c,Forward,Light
17,0.977235,-19.471919,57.139921,10.872952,0.75,-14.497269,-10.872951749999999,0.007957,0.213282,../GJFpDmbQSsaoRbYD3P1suw/HZB_AF_B18_P1_C-2.Green_1-2.jv.txt,GJFpDmbQSsaoRbYD3P1suw,w,c,Reverse,Light
18,0.878722,-20.479644,60.943665,10.96737,0.6,-18.27895,-10.967369999999999,0.011797,3.459908,../GJFpDmbQSsaoRbYD3P1suw/HZB_AF_B18_P1_C-2.Green_1-2.jv.txt,GJFpDmbQSsaoRbYD3P1suw,w,d,Forward,Light
19,0.882225,-20.513112,61.283623,11.090614,0.6,-18.484356,-11.0906136,0.011658,3.035017,../GJFpDmbQSsaoRbYD3P1suw/HZB_AF_B18_P1_C-2.Green_1-2.jv.txt,GJFpDmbQSsaoRbYD3P1suw,w,d,Reverse,Light
20,0.92206,-19.893794,75.086095,13.773248,0.75,-18.364331,-13.77324825,0.005527,3.625159,../GJFpDmbQSsaoRbYD3P1suw/HZB_AF_B18_P1_C-2.Green_1-2.jv.txt,GJFpDmbQSsaoRbYD3P1suw,w,e,Forward,Light
21,0.926027,-19.894181,75.115474,13.838189,0.75,-18.450919,-13.83818925,0.005583,15.573292,../GJFpDmbQSsaoRbYD3P1suw/HZB_AF_B18_P1_C-2.Green_1-2.jv.txt,GJFpDmbQSsaoRbYD3P1suw,w,e,Reverse,Light
22,0.916838,-20.323812,71.042985,13.237901,0.7,-18.911287,-13.2379009,0.007012,5.242808,../GJFpDmbQSsaoRbYD3P1suw/HZB_AF_B18_P1_C-2.Green_1-2.jv.txt,GJFpDmbQSsaoRbYD3P1suw,w,f,Forward,Light
23,0.923762,-20.256556,71.327078,13.346891,0.7,-19.066987,-13.3468909,0.007072,3.069368,../GJFpDmbQSsaoRbYD3P1suw/HZB_AF_B18_P1_C-2.Green_1-2.jv.txt,GJFpDmbQSsaoRbYD3P1suw,w,f,Reverse,Light
24,0.929294,-21.325875,69.785587,13.830114,0.7,-19.757306,-13.830114199999999,0.00687,2.476934,../GJFpDmbQSsaoRbYD3P1suw/HZB_AF_B18_P1_C-3.Green_1-3.jv.txt,GJFpDmbQSsaoRbYD3P1suw,w,a,Forward,Light
25,0.939386,-21.225869,71.615066,14.279527,0.75,-19.039369,-14.27952675,0.006891,9.709916,../GJFpDmbQSsaoRbYD3P1suw/HZB_AF_B18_P1_C-3.Green_1-3.jv.txt,GJFpDmbQSsaoRbYD3P1suw,w,a,Reverse,Light
26,0.908465,-21.04275,41.323117,7.899575,0.5,-15.79915,-7.899575,0.022306,1.978973,../GJFpDmbQSsaoRbYD3P1suw/HZB_AF_B18_P1_C-3.Green_1-3.jv.txt,GJFpDmbQSsaoRbYD3P1suw,w,b,Forward,Light
27,0.916966,-20.978312,43.344844,8.337991,0.5,-16.675981,-8.3379905,0.019341,2.598499,../GJFpDmbQSsaoRbYD3P1suw/HZB_AF_B18_P1_C-3.Green_1-3.jv.txt,GJFpDmbQSsaoRbYD3P1suw,w,b,Reverse,Light
28,0.934373,-20.4091,69.482213,13.250058,0.75,-17.666744,-13.250058000000001,0.006528,1.735847,../GJFpDmbQSsaoRbYD3P1suw/HZB_AF_B18_P1_C-3.Green_1-3.jv.txt,GJFpDmbQSsaoRbYD3P1suw,w,c,Forward,Light
29,0.939497,-20.575981,71.002423,13.72553,0.75,-18.300706,-13.7255295,0.006567,10.758472,../GJFpDmbQSsaoRbYD3P1suw/HZB_AF_B18_P1_C-3.Green_1-3.jv.txt,GJFpDmbQSsaoRbYD3P1suw,w,c,Reverse,Light
30,0.909567,-20.735225,35.335879,6.664375,0.5,-13.32875,-6.664375,0.028269,0.206839,../GJFpDmbQSsaoRbYD3P1suw/HZB_AF_B18_P1_C-3.Green_1-3.jv.txt,GJFpDmbQSsaoRbYD3P1suw,w,d,Forward,Light
31,0.915781,-20.894369,37.539411,7.183038,0.5,-14.366075,-7.1830375,0.021102,0.302204,../GJFpDmbQSsaoRbYD3P1suw/HZB_AF_B18_P1_C-3.Green_1-3.jv.txt,GJFpDmbQSsaoRbYD3P1suw,w,d,Reverse,Light
32,0.967813,-20.453806,67.923246,13.445714,0.75,-17.927619,-13.44571425,0.008222,2.0391,../GJFpDmbQSsaoRbYD3P1suw/HZB_AF_B18_P1_C-3.Green_1-3.jv.txt,GJFpDmbQSsaoRbYD3P1suw,w,e,Forward,Light
33,0.972301,-20.362794,70.412703,13.940845,0.75,-18.587794,-13.940845499999998,0.008073,3.34574,../GJFpDmbQSsaoRbYD3P1suw/HZB_AF_B18_P1_C-3.Green_1-3.jv.txt,GJFpDmbQSsaoRbYD3P1suw,w,e,Reverse,Light
34,0.960882,-20.331287,33.174838,6.481028,0.5,-12.962056,-6.481028,0.035747,0.53851,../GJFpDmbQSsaoRbYD3P1suw/HZB_AF_B18_P1_C-3.Green_1-3.jv.txt,GJFpDmbQSsaoRbYD3P1suw,w,f,Forward,Light
35,0.965107,-20.638531,41.010287,8.168587,0.6,-13.614312,-8.1685872,0.027048,1.708635,../GJFpDmbQSsaoRbYD3P1suw/HZB_AF_B18_P1_C-3.Green_1-3.jv.txt,GJFpDmbQSsaoRbYD3P1suw,w,f,Reverse,Light
36,0.616788,-19.256162,56.474768,6.707493,0.4,-16.768731,-6.7074924,0.009397,1.658719,../GJFpDmbQSsaoRbYD3P1suw/HZB_AF_B18_P1_C-4.Green_1-4.jv.txt,GJFpDmbQSsaoRbYD3P1suw,w,a,Forward,Light
37,0.657349,-19.130544,60.67790600000001,7.630512,0.45,-16.956694,-7.6305122999999995,0.008727,2.040608,../GJFpDmbQSsaoRbYD3P1suw/HZB_AF_B18_P1_C-4.Green_1-4.jv.txt,GJFpDmbQSsaoRbYD3P1suw,w,a,Reverse,Light
38,0.743455,-18.996325,67.829808,9.579549,0.55,-17.417362,-9.579549100000001,0.00723,1.527475,../GJFpDmbQSsaoRbYD3P1suw/HZB_AF_B18_P1_C-4.Green_1-4.jv.txt,GJFpDmbQSsaoRbYD3P1suw,w,b,Forward,Light
39,0.756587,-18.970275,69.393829,9.959869,0.6,-16.599781,-9.9598686,0.006423,4.059059,../GJFpDmbQSsaoRbYD3P1suw/HZB_AF_B18_P1_C-4.Green_1-4.jv.txt,GJFpDmbQSsaoRbYD3P1suw,w,b,Reverse,Light
40,0.734679,-18.510513,66.806203,9.085168,0.55,-16.518487,-9.085167850000001,0.007163,1.090468,../GJFpDmbQSsaoRbYD3P1suw/HZB_AF_B18_P1_C-4.Green_1-4.jv.txt,GJFpDmbQSsaoRbYD3P1suw,w,c,Forward,Light
41,0.746206,-18.531012,67.659969,9.355988,0.55,-17.010887,-9.355987850000002,0.007163,1.205328,../GJFpDmbQSsaoRbYD3P1suw/HZB_AF_B18_P1_C-4.Green_1-4.jv.txt,GJFpDmbQSsaoRbYD3P1suw,w,c,Reverse,Light
42,0.66243,-24.998306,37.541717,6.216772,0.35,-17.762206,-6.216772099999999,0.015135,6.820701,../GJFpDmbQSsaoRbYD3P1suw/HZB_AF_B18_P1_C-4.Green_1-4.jv.txt,GJFpDmbQSsaoRbYD3P1suw,w,d,Forward,Light
43,0.6679,-24.973894,37.82839,6.309802,0.35,-18.028006,-6.3098021,0.015563,5.113782,../GJFpDmbQSsaoRbYD3P1suw/HZB_AF_B18_P1_C-4.Green_1-4.jv.txt,GJFpDmbQSsaoRbYD3P1suw,w,d,Reverse,Light
44,0.794658,-18.884637,72.633318,10.899956,0.65,-16.769163,-10.899955949999999,0.00582,2.290098,../GJFpDmbQSsaoRbYD3P1suw/HZB_AF_B18_P1_C-4.Green_1-4.jv.txt,GJFpDmbQSsaoRbYD3P1suw,w,e,Forward,Light
45,0.800721,-18.883587,74.050699,11.196823,0.65,-17.225881,-11.196822650000001,0.004731,1.683006,../GJFpDmbQSsaoRbYD3P1suw/HZB_AF_B18_P1_C-4.Green_1-4.jv.txt,GJFpDmbQSsaoRbYD3P1suw,w,e,Reverse,Light
46,0.819196,-18.967144,68.438137,10.633793,0.65,-16.359681,-10.63379265,0.007091,1.777817,../GJFpDmbQSsaoRbYD3P1suw/HZB_AF_B18_P1_C-4.Green_1-4.jv.txt,GJFpDmbQSsaoRbYD3P1suw,w,f,Forward,Light
47,0.82297,-18.992681,69.972277,10.936949,0.65,-16.826075,-10.93694875,0.007067,4.321054,../GJFpDmbQSsaoRbYD3P1suw/HZB_AF_B18_P1_C-4.Green_1-4.jv.txt,GJFpDmbQSsaoRbYD3P1suw,w,f,Reverse,Light
48,0.111827,-13.073475,24.667442,0.36063,0.05,-7.2126,-0.36063,0.008584,0.008528,../GJFpDmbQSsaoRbYD3P1suw/HZB_AF_B18_P1_C-9.Green_1-9.jv.txt,GJFpDmbQSsaoRbYD3P1suw,w,a,Forward,Light
49,0.112034,-13.075775,24.680758000000004,0.361555,0.05,-7.231094,-0.3615547,0.008628,0.008532,../GJFpDmbQSsaoRbYD3P1suw/HZB_AF_B18_P1_C-9.Green_1-9.jv.txt,GJFpDmbQSsaoRbYD3P1suw,w,a,Reverse,Light
50,0.977854,-21.571225,59.09958900000001,12.466173,0.7,-17.808819,-12.4661733,0.009632,0.210577,../GJFpDmbQSsaoRbYD3P1suw/HZB_AF_B18_P1_C-9.Green_1-9.jv.txt,GJFpDmbQSsaoRbYD3P1suw,w,b,Forward,Light
51,1.012269,-21.659731,61.425255,13.467773,0.75,-17.957031,-13.46777325,0.008076,0.243335,../GJFpDmbQSsaoRbYD3P1suw/HZB_AF_B18_P1_C-9.Green_1-9.jv.txt,GJFpDmbQSsaoRbYD3P1suw,w,b,Reverse,Light
52,0.916629,-21.661131,67.517504,13.405752,0.7,-19.151075,-13.405752499999998,0.007871,5.073567,../GJFpDmbQSsaoRbYD3P1suw/HZB_AF_B18_P1_C-9.Green_1-9.jv.txt,GJFpDmbQSsaoRbYD3P1suw,w,c,Forward,Light
53,0.930181,-21.697044,67.879502,13.699569,0.7,-19.570812,-13.699568399999999,0.008028,5.627462,../GJFpDmbQSsaoRbYD3P1suw/HZB_AF_B18_P1_C-9.Green_1-9.jv.txt,GJFpDmbQSsaoRbYD3P1suw,w,c,Reverse,Light
54,1.063257,-21.548687,70.630591,16.18273,0.85,-19.038506,-16.1827301,0.005562,5.63817,../GJFpDmbQSsaoRbYD3P1suw/HZB_AF_B18_P1_C-9.Green_1-9.jv.txt,GJFpDmbQSsaoRbYD3P1suw,w,d,Forward,Light
55,1.063905,-21.533213,71.233434,16.319076,0.85,-19.198913,-16.31907605,0.005184,3.971997,../GJFpDmbQSsaoRbYD3P1suw/HZB_AF_B18_P1_C-9.Green_1-9.jv.txt,GJFpDmbQSsaoRbYD3P1suw,w,d,Reverse,Light
56,1.060071,-21.210625,65.238381,14.668705,0.8,-18.335881,-14.6687048,0.006296,0.354607,../GJFpDmbQSsaoRbYD3P1suw/HZB_AF_B18_P1_C-9.Green_1-9.jv.txt,GJFpDmbQSsaoRbYD3P1suw,w,e,Forward,Light
57,1.064296,-21.240187,69.078402,15.615764,0.85,-18.371488,-15.6157648,0.00572,0.373436,../GJFpDmbQSsaoRbYD3P1suw/HZB_AF_B18_P1_C-9.Green_1-9.jv.txt,GJFpDmbQSsaoRbYD3P1suw,w,e,Reverse,Light
58,1.075569,-22.062263,75.955648,18.023889,0.9,-20.026544,-18.0238896,0.004987,4.799616,../GJFpDmbQSsaoRbYD3P1suw/HZB_AF_B18_P1_C-9.Green_1-9.jv.txt,GJFpDmbQSsaoRbYD3P1suw,w,f,Forward,Light
59,1.073452,-22.062763,77.00469,18.237262,0.9,-20.263625,-18.2372625,0.004699,8.631852,../GJFpDmbQSsaoRbYD3P1suw/HZB_AF_B18_P1_C-9.Green_1-9.jv.txt,GJFpDmbQSsaoRbYD3P1suw,w,f,Reverse,Light
60,0.966721,-23.231106,44.9493,10.094713,0.7,-14.421019,-10.094713299999999,0.012879,1.571401,../GJFpDmbQSsaoRbYD3P1suw/HZB_AF_B18_P1_C-10.Green_1-10.jv.txt,GJFpDmbQSsaoRbYD3P1suw,w,a,Forward,Light
61,1.014809,-23.199106,61.93593200000001,14.581369,0.75,-19.441825,-14.581368750000001,0.012691,0.792299,../GJFpDmbQSsaoRbYD3P1suw/HZB_AF_B18_P1_C-10.Green_1-10.jv.txt,GJFpDmbQSsaoRbYD3P1suw,w,a,Reverse,Light
62,1.025022,-22.976463,59.831997,14.091262,0.7,-20.130375,-14.0912625,0.013627,2.001802,../GJFpDmbQSsaoRbYD3P1suw/HZB_AF_B18_P1_C-10.Green_1-10.jv.txt,GJFpDmbQSsaoRbYD3P1suw,w,b,Forward,Light
63,1.014866,-23.002781,62.084461000000005,14.493455,0.75,-19.324606,-14.493454499999999,0.01017,1.693803,../GJFpDmbQSsaoRbYD3P1suw/HZB_AF_B18_P1_C-10.Green_1-10.jv.txt,GJFpDmbQSsaoRbYD3P1suw,w,b,Reverse,Light
64,1.024216,-22.689894,64.835557,15.067369,0.75,-20.089825,-15.06736875,0.012454,3.59002,../GJFpDmbQSsaoRbYD3P1suw/HZB_AF_B18_P1_C-10.Green_1-10.jv.txt,GJFpDmbQSsaoRbYD3P1suw,w,c,Forward,Light
65,1.024958,-22.898125,65.987714,15.487059,0.75,-20.649413,-15.48705975,0.011058,2.258611,../GJFpDmbQSsaoRbYD3P1suw/HZB_AF_B18_P1_C-10.Green_1-10.jv.txt,GJFpDmbQSsaoRbYD3P1suw,w,c,Reverse,Light
66,1.031085,-23.770869,62.694208,15.366211,0.75,-20.488281,-15.36621075,0.012831,3.986645,../GJFpDmbQSsaoRbYD3P1suw/HZB_AF_B18_P1_C-10.Green_1-10.jv.txt,GJFpDmbQSsaoRbYD3P1suw,w,d,Forward,Light
67,1.031166,-23.888575,63.793745,15.714366,0.75,-20.952488,-15.714365999999998,0.011829,3.039514,../GJFpDmbQSsaoRbYD3P1suw/HZB_AF_B18_P1_C-10.Green_1-10.jv.txt,GJFpDmbQSsaoRbYD3P1suw,w,d,Reverse,Light
68,1.029067,-22.838813,65.968129,15.504267,0.75,-20.672356,-15.504267,0.011748,2.924083,../GJFpDmbQSsaoRbYD3P1suw/HZB_AF_B18_P1_C-10.Green_1-10.jv.txt,GJFpDmbQSsaoRbYD3P1suw,w,e,Forward,Light
69,1.028363,-22.791988,66.929884,15.687323,0.75,-20.916431,-15.687323249999999,0.010681,2.782802,../GJFpDmbQSsaoRbYD3P1suw/HZB_AF_B18_P1_C-10.Green_1-10.jv.txt,GJFpDmbQSsaoRbYD3P1suw,w,e,Reverse,Light
70,1.030547,-23.321694,67.113304,16.130072,0.75,-21.506762,-16.1300715,0.010182,4.196831,../GJFpDmbQSsaoRbYD3P1suw/HZB_AF_B18_P1_C-10.Green_1-10.jv.txt,GJFpDmbQSsaoRbYD3P1suw,w,f,Forward,Light
71,1.028812,-23.221506,68.30779,16.31911,0.8,-20.398887,-16.3191096,0.009263,3.222428,../GJFpDmbQSsaoRbYD3P1suw/HZB_AF_B18_P1_C-10.Green_1-10.jv.txt,GJFpDmbQSsaoRbYD3P1suw,w,f,Reverse,Light
72,1.041985,-22.545531,72.005822,16.91568,0.8,-21.1446,-16.915680000000002,0.009219,103.225806,../GJFpDmbQSsaoRbYD3P1suw/HZB_AF_B18_P1_C-11.Green_1-11.jv.txt,GJFpDmbQSsaoRbYD3P1suw,w,a,Forward,Light
73,1.040758,-22.497988,73.282477,17.159065,0.8,-21.448831,-17.1590648,0.008358,2.245677,../GJFpDmbQSsaoRbYD3P1suw/HZB_AF_B18_P1_C-11.Green_1-11.jv.txt,GJFpDmbQSsaoRbYD3P1suw,w,a,Reverse,Light
74,1.038447,-22.577731,69.369856,16.264295,0.8,-20.330369,-16.264295200000003,0.010304,6.050522,../GJFpDmbQSsaoRbYD3P1suw/HZB_AF_B18_P1_C-11.Green_1-11.jv.txt,GJFpDmbQSsaoRbYD3P1suw,w,b,Forward,Light
75,1.037296,-22.566931,70.535368,16.51134,0.8,-20.639175,-16.51134,0.009521,5.80341,../GJFpDmbQSsaoRbYD3P1suw/HZB_AF_B18_P1_C-11.Green_1-11.jv.txt,GJFpDmbQSsaoRbYD3P1suw,w,b,Reverse,Light
76,1.039046,-21.817669,71.159344,16.131515,0.8,-20.164394,-16.131515200000003,0.009706,9.530617,../GJFpDmbQSsaoRbYD3P1suw/HZB_AF_B18_P1_C-11.Green_1-11.jv.txt,GJFpDmbQSsaoRbYD3P1suw,w,c,Forward,Light
77,1.038121,-21.807425,71.968514,16.292765,0.8,-20.365956,-16.2927648,0.009061,3.30401,../GJFpDmbQSsaoRbYD3P1suw/HZB_AF_B18_P1_C-11.Green_1-11.jv.txt,GJFpDmbQSsaoRbYD3P1suw,w,c,Reverse,Light
78,1.015975,-22.414694,70.272156,16.00291,0.8,-20.003637,-16.002909600000002,0.008031,4.050838,../GJFpDmbQSsaoRbYD3P1suw/HZB_AF_B18_P1_C-11.Green_1-11.jv.txt,GJFpDmbQSsaoRbYD3P1suw,w,d,Forward,Light
79,1.018618,-22.409981,71.231783,16.260225,0.8,-20.325281,-16.2602248,0.00758,2.537588,../GJFpDmbQSsaoRbYD3P1suw/HZB_AF_B18_P1_C-11.Green_1-11.jv.txt,GJFpDmbQSsaoRbYD3P1suw,w,d,Reverse,Light
80,1.03509,-21.358994,73.505897,16.251045,0.8,-20.313806,-16.2510448,0.007831,23.845007,../GJFpDmbQSsaoRbYD3P1suw/HZB_AF_B18_P1_C-11.Green_1-11.jv.txt,GJFpDmbQSsaoRbYD3P1suw,w,e,Forward,Light
81,1.034014,-21.371381,73.724724,16.29191,0.8,-20.364888,-16.291910400000003,0.00745,3.610434,../GJFpDmbQSsaoRbYD3P1suw/HZB_AF_B18_P1_C-11.Green_1-11.jv.txt,GJFpDmbQSsaoRbYD3P1suw,w,e,Reverse,Light
82,1.033685,-22.052325,73.654369,16.789635,0.8,-20.987044,-16.789635200000003,0.007049,5.180005,../GJFpDmbQSsaoRbYD3P1suw/HZB_AF_B18_P1_C-11.Green_1-11.jv.txt,GJFpDmbQSsaoRbYD3P1suw,w,f,Forward,Light
83,1.032762,-22.056381,74.286869,16.921795,0.85,-19.907994,-16.9217949,0.006706,6.894174,../GJFpDmbQSsaoRbYD3P1suw/HZB_AF_B18_P1_C-11.Green_1-11.jv.txt,GJFpDmbQSsaoRbYD3P1suw,w,f,Reverse,Light
84,1.038369,-23.375006,73.402092,17.816065,0.8,-22.270081,-17.816064800000003,0.007645,11.074197,../GJFpDmbQSsaoRbYD3P1suw/HZB_AF_B18_P1_C-12.Green_1-12.jv.txt,GJFpDmbQSsaoRbYD3P1suw,w,a,Forward,Light
85,1.038682,-23.347494,74.072934,17.96314,0.8,-22.453925,-17.963140000000003,0.00727,5.401026,../GJFpDmbQSsaoRbYD3P1suw/HZB_AF_B18_P1_C-12.Green_1-12.jv.txt,GJFpDmbQSsaoRbYD3P1suw,w,a,Reverse,Light
86,1.030136,-22.040862,65.279557,14.82178,0.8,-18.527225,-14.821780000000002,0.009308,0.630562,../GJFpDmbQSsaoRbYD3P1suw/HZB_AF_B18_P1_C-12.Green_1-12.jv.txt,GJFpDmbQSsaoRbYD3P1suw,w,b,Forward,Light
87,1.026458,-22.028919,67.469495,15.256045,0.8,-19.070056,-15.256044800000002,0.007277,0.573234,../GJFpDmbQSsaoRbYD3P1suw/HZB_AF_B18_P1_C-12.Green_1-12.jv.txt,GJFpDmbQSsaoRbYD3P1suw,w,b,Reverse,Light
88,1.042268,-22.480687,68.944948,16.15442,0.8,-20.193025,-16.15442,0.009524,4.108252,../GJFpDmbQSsaoRbYD3P1suw/HZB_AF_B18_P1_C-12.Green_1-12.jv.txt,GJFpDmbQSsaoRbYD3P1suw,w,c,Forward,Light
89,1.036914,-22.475681,71.813221,16.73632,0.8,-20.9204,-16.736320000000003,0.008163,4.582426,../GJFpDmbQSsaoRbYD3P1suw/HZB_AF_B18_P1_C-12.Green_1-12.jv.txt,GJFpDmbQSsaoRbYD3P1suw,w,c,Reverse,Light
90,1.039315,-22.976319,72.842493,17.39452,0.8,-21.74315,-17.39452,0.007196,4.460801,../GJFpDmbQSsaoRbYD3P1suw/HZB_AF_B18_P1_C-12.Green_1-12.jv.txt,GJFpDmbQSsaoRbYD3P1suw,w,d,Forward,Light
91,1.038505,-22.970762,73.453981,17.522628,0.85,-20.614856,-17.5226276,0.006895,2.424389,../GJFpDmbQSsaoRbYD3P1suw/HZB_AF_B18_P1_C-12.Green_1-12.jv.txt,GJFpDmbQSsaoRbYD3P1suw,w,d,Reverse,Light
92,0.939155,-21.870431,50.407801,10.353626,0.7,-14.790894,-10.3536258,0.011029,0.154766,../GJFpDmbQSsaoRbYD3P1suw/HZB_AF_B18_P1_C-12.Green_1-12.jv.txt,GJFpDmbQSsaoRbYD3P1suw,w,e,Forward,Light
93,0.957344,-21.903319,50.370452,10.562182,0.7,-15.088831,-10.5621817,0.009287,0.16003,../GJFpDmbQSsaoRbYD3P1suw/HZB_AF_B18_P1_C-12.Green_1-12.jv.txt,GJFpDmbQSsaoRbYD3P1suw,w,e,Reverse,Light
94,1.031972,-22.201537,69.585928,15.94309,0.8,-19.928863,-15.9430904,0.008024,3.340292,../GJFpDmbQSsaoRbYD3P1suw/HZB_AF_B18_P1_C-12.Green_1-12.jv.txt,GJFpDmbQSsaoRbYD3P1suw,w,f,Forward,Light
95,1.021661,-22.221337,72.264365,16.40594,0.8,-20.507425,-16.40594,0.006065,4.149162,../GJFpDmbQSsaoRbYD3P1suw/HZB_AF_B18_P1_C-12.Green_1-12.jv.txt,GJFpDmbQSsaoRbYD3P1suw,w,f,Reverse,Light
96,1.004211,-20.134006,76.173202,15.401304,0.85,-18.119181,-15.40130385,0.004754,0.080629,../GJFpDmbQSsaoRbYD3P1suw/HZB_AF_B18_P2_C-5.Green_1-5.jv.txt,GJFpDmbQSsaoRbYD3P1suw,w,a,Forward,Light
97,1.005582,-20.367712,76.133781,15.593266,0.85,-18.345019,-15.59326615,0.004739,1.864194,../GJFpDmbQSsaoRbYD3P1suw/HZB_AF_B18_P2_C-5.Green_1-5.jv.txt,GJFpDmbQSsaoRbYD3P1suw,w,a,Reverse,Light
98,1.032217,-19.291056,53.526564,10.658508,0.75,-14.211344,-10.658508000000001,0.010283,0.271782,../GJFpDmbQSsaoRbYD3P1suw/HZB_AF_B18_P2_C-5.Green_1-5.jv.txt,GJFpDmbQSsaoRbYD3P1suw,w,b,Forward,Light
99,1.036865,-19.359481,52.916668,10.622053,0.75,-14.162738,-10.6220535,0.010487,0.293406,../GJFpDmbQSsaoRbYD3P1suw/HZB_AF_B18_P2_C-5.Green_1-5.jv.txt,GJFpDmbQSsaoRbYD3P1suw,w,b,Reverse,Light
100,0.976565,-19.655019,76.120456,14.61087,0.8,-18.263587,-14.610869600000001,0.005156,3.540136,../GJFpDmbQSsaoRbYD3P1suw/HZB_AF_B18_P2_C-5.Green_1-5.jv.txt,GJFpDmbQSsaoRbYD3P1suw,w,c,Forward,Light
101,0.977604,-19.645225,76.327406,14.65887,0.8,-18.323587,-14.658869600000001,0.005172,3.763289,../GJFpDmbQSsaoRbYD3P1suw/HZB_AF_B18_P2_C-5.Green_1-5.jv.txt,GJFpDmbQSsaoRbYD3P1suw,w,c,Reverse,Light
102,1.040796,-19.834412,61.606423,12.717764,0.75,-16.957019,-12.717764249999998,0.008835,3.219316,../GJFpDmbQSsaoRbYD3P1suw/HZB_AF_B18_P2_C-5.Green_1-5.jv.txt,GJFpDmbQSsaoRbYD3P1suw,w,d,Forward,Light
103,1.043653,-19.931162,61.711936,12.836831,0.75,-17.115775,-12.83683125,0.008919,2.014555,../GJFpDmbQSsaoRbYD3P1suw/HZB_AF_B18_P2_C-5.Green_1-5.jv.txt,GJFpDmbQSsaoRbYD3P1suw,w,d,Reverse,Light
104,0.998896,-19.643106,77.135656,15.135111,0.85,-17.806013,-15.135111049999999,0.005519,2.937181,../GJFpDmbQSsaoRbYD3P1suw/HZB_AF_B18_P2_C-5.Green_1-5.jv.txt,GJFpDmbQSsaoRbYD3P1suw,w,e,Forward,Light
105,1.000246,-19.641081,77.063318,15.139791,0.85,-17.811519,-15.13979115,0.004417,7.760962,../GJFpDmbQSsaoRbYD3P1suw/HZB_AF_B18_P2_C-5.Green_1-5.jv.txt,GJFpDmbQSsaoRbYD3P1suw,w,e,Reverse,Light
106,1.020539,-19.0499,54.949465,10.682818,0.7,-15.261169,-10.6828183,0.009386,0.455869,../GJFpDmbQSsaoRbYD3P1suw/HZB_AF_B18_P2_C-5.Green_1-5.jv.txt,GJFpDmbQSsaoRbYD3P1suw,w,f,Forward,Light
107,1.023367,-19.213987,55.108848,10.836031,0.7,-15.480044,-10.8360308,0.009593,0.499541,../GJFpDmbQSsaoRbYD3P1suw/HZB_AF_B18_P2_C-5.Green_1-5.jv.txt,GJFpDmbQSsaoRbYD3P1suw,w,f,Reverse,Light
108,1.118504,-13.238519,79.85334,11.824151,0.95,-12.446475,-11.824151249999998,0.006506,8.927575,../GJFpDmbQSsaoRbYD3P1suw/HZB_AF_B18_P2_C-6.Green_1-6.jv.txt,GJFpDmbQSsaoRbYD3P1suw,w,a,Forward,Light
109,1.112616,-13.234869,80.084339,11.792677,0.95,-12.413344,-11.7926768,0.005968,10.822511,../GJFpDmbQSsaoRbYD3P1suw/HZB_AF_B18_P2_C-6.Green_1-6.jv.txt,GJFpDmbQSsaoRbYD3P1suw,w,a,Reverse,Light
110,1.126297,-21.16045,77.904537,18.566948,0.95,-19.544156,-18.5669482,0.005046,7.440476,../GJFpDmbQSsaoRbYD3P1suw/HZB_AF_B18_P2_C-6.Green_1-6.jv.txt,GJFpDmbQSsaoRbYD3P1suw,w,b,Forward,Light
111,1.119833,-21.148406,78.245799,18.530706,0.95,-19.506006,-18.5307057,0.004716,9.473061,../GJFpDmbQSsaoRbYD3P1suw/HZB_AF_B18_P2_C-6.Green_1-6.jv.txt,GJFpDmbQSsaoRbYD3P1suw,w,b,Reverse,Light
112,1.113993,-13.36395,78.452932,11.679555,0.95,-12.294269,-11.67955555,0.006501,21.197668,../GJFpDmbQSsaoRbYD3P1suw/HZB_AF_B18_P2_C-6.Green_1-6.jv.txt,GJFpDmbQSsaoRbYD3P1suw,w,c,Forward,Light
113,1.106241,-13.357769,79.203974,11.703899,0.95,-12.319894,-11.7038993,0.005932,14.477018,../GJFpDmbQSsaoRbYD3P1suw/HZB_AF_B18_P2_C-6.Green_1-6.jv.txt,GJFpDmbQSsaoRbYD3P1suw,w,c,Reverse,Light
114,1.119814,-20.975806,77.076501,18.104506,0.95,-19.057375,-18.10450625,0.004769,2.477394,../GJFpDmbQSsaoRbYD3P1suw/HZB_AF_B18_P2_C-6.Green_1-6.jv.txt,GJFpDmbQSsaoRbYD3P1suw,w,d,Forward,Light
115,1.113242,-20.943538,77.337703,18.031457,0.95,-18.980481,-18.03145695,0.004453,2.973757,../GJFpDmbQSsaoRbYD3P1suw/HZB_AF_B18_P2_C-6.Green_1-6.jv.txt,GJFpDmbQSsaoRbYD3P1suw,w,d,Reverse,Light
116,1.110913,-11.537212,78.0983,10.009734,0.95,-10.536563,-10.00973485,0.00736,16.611296,../GJFpDmbQSsaoRbYD3P1suw/HZB_AF_B18_P2_C-6.Green_1-6.jv.txt,GJFpDmbQSsaoRbYD3P1suw,w,e,Forward,Light
117,1.101021,-11.528631,79.611477,10.105298,0.95,-10.637156,-10.105298199999998,0.006498,11.672016,../GJFpDmbQSsaoRbYD3P1suw/HZB_AF_B18_P2_C-6.Green_1-6.jv.txt,GJFpDmbQSsaoRbYD3P1suw,w,e,Reverse,Light
118,1.113072,-20.118163,73.018228,16.350947,0.9,-18.167719,-16.350947100000003,0.005759,6.358795,../GJFpDmbQSsaoRbYD3P1suw/HZB_AF_B18_P2_C-6.Green_1-6.jv.txt,GJFpDmbQSsaoRbYD3P1suw,w,f,Forward,Light
119,1.104785,-20.121025,74.047415,16.460308,0.9,-18.289231,-16.4603079,0.005199,3.814064,../GJFpDmbQSsaoRbYD3P1suw/HZB_AF_B18_P2_C-6.Green_1-6.jv.txt,GJFpDmbQSsaoRbYD3P1suw,w,f,Reverse,Light
120,0.908626,-0.656205,99.005517,0.590315,0.9,-0.655906,-0.5903154,0.013151,565.770863,../GJFpDmbQSsaoRbYD3P1suw/HZB_AF_B18_P2_C-7.Green_1-7.jv.txt,GJFpDmbQSsaoRbYD3P1suw,w,a,Forward,Light
121,0.936339,-20.010131,74.697026,13.995431,0.75,-18.660575,-13.995431250000001,0.006305,6.713662,../GJFpDmbQSsaoRbYD3P1suw/HZB_AF_B18_P2_C-7.Green_1-7.jv.txt,GJFpDmbQSsaoRbYD3P1suw,w,a,Reverse,Light
122,0.932499,-20.279606,74.605596,14.108447,0.75,-18.811262,-14.1084465,0.006131,2.565089,../GJFpDmbQSsaoRbYD3P1suw/HZB_AF_B18_P2_C-7.Green_1-7.jv.txt,GJFpDmbQSsaoRbYD3P1suw,w,b,Forward,Light
123,0.937206,-20.29865,74.585628,14.189189,0.75,-18.918919,-14.189189249999998,0.00622,4.131805,../GJFpDmbQSsaoRbYD3P1suw/HZB_AF_B18_P2_C-7.Green_1-7.jv.txt,GJFpDmbQSsaoRbYD3P1suw,w,b,Reverse,Light
124,0.928452,-19.506925,73.229653,13.262798,0.75,-17.683731,-13.262798250000001,0.006939,3.124878,../GJFpDmbQSsaoRbYD3P1suw/HZB_AF_B18_P2_C-7.Green_1-7.jv.txt,GJFpDmbQSsaoRbYD3P1suw,w,c,Forward,Light
125,0.933451,-19.509238,73.326893,13.353497,0.75,-17.804663,-13.35349725,0.007017,12.353305,../GJFpDmbQSsaoRbYD3P1suw/HZB_AF_B18_P2_C-7.Green_1-7.jv.txt,GJFpDmbQSsaoRbYD3P1suw,w,c,Reverse,Light
126,0.579956,-18.538769,26.244394,2.821712,0.3,-9.405706,-2.8217118,0.027949,0.034483,../GJFpDmbQSsaoRbYD3P1suw/HZB_AF_B18_P2_C-7.Green_1-7.jv.txt,GJFpDmbQSsaoRbYD3P1suw,w,d,Forward,Light
127,0.635442,-18.703681,26.790692,3.184103,0.35,-9.097438,-3.1841033,0.029022,0.038081,../GJFpDmbQSsaoRbYD3P1suw/HZB_AF_B18_P2_C-7.Green_1-7.jv.txt,GJFpDmbQSsaoRbYD3P1suw,w,d,Reverse,Light
128,0.930334,-19.46165,73.741258,13.351472,0.75,-17.801962,-13.351471499999999,0.006661,6.748777,../GJFpDmbQSsaoRbYD3P1suw/HZB_AF_B18_P2_C-7.Green_1-7.jv.txt,GJFpDmbQSsaoRbYD3P1suw,w,e,Forward,Light
129,0.934654,-19.456375,73.272396,13.32457,0.75,-17.766094,-13.3245705,0.006736,3.94419,../GJFpDmbQSsaoRbYD3P1suw/HZB_AF_B18_P2_C-7.Green_1-7.jv.txt,GJFpDmbQSsaoRbYD3P1suw,w,e,Reverse,Light
130,0.944865,-19.809581,74.761717,13.99343,0.75,-18.657906,-13.993429500000001,0.006487,2.303285,../GJFpDmbQSsaoRbYD3P1suw/HZB_AF_B18_P2_C-7.Green_1-7.jv.txt,GJFpDmbQSsaoRbYD3P1suw,w,f,Forward,Light
131,0.948348,-19.794281,74.39585,13.965492,0.75,-18.620656,-13.965492000000001,0.006531,30.177292,../GJFpDmbQSsaoRbYD3P1suw/HZB_AF_B18_P2_C-7.Green_1-7.jv.txt,GJFpDmbQSsaoRbYD3P1suw,w,f,Reverse,Light
132,0.775951,-20.757681,65.44773,10.54163,0.55,-19.1666,-10.54163,0.006933,2.880599,../GJFpDmbQSsaoRbYD3P1suw/HZB_AF_B18_P2_C-8.Green_1-8.jv.txt,GJFpDmbQSsaoRbYD3P1suw,w,a,Forward,Light
133,0.797447,-20.686588,67.905133,11.201936,0.6,-18.669894,-11.2019364,0.007026,3.032486,../GJFpDmbQSsaoRbYD3P1suw/HZB_AF_B18_P2_C-8.Green_1-8.jv.txt,GJFpDmbQSsaoRbYD3P1suw,w,a,Reverse,Light
134,0.807741,-20.59165,67.801761,11.277281,0.6,-18.795469,-11.2772814,0.006474,4.796451,../GJFpDmbQSsaoRbYD3P1suw/HZB_AF_B18_P2_C-8.Green_1-8.jv.txt,GJFpDmbQSsaoRbYD3P1suw,w,b,Forward,Light
135,0.829311,-20.59305,69.14155,11.808022,0.65,-18.166187,-11.808021550000001,0.006441,2.696417,../GJFpDmbQSsaoRbYD3P1suw/HZB_AF_B18_P2_C-8.Green_1-8.jv.txt,GJFpDmbQSsaoRbYD3P1suw,w,b,Reverse,Light
136,0.851162,-20.004406,71.836763,12.231643,0.65,-18.817912,-12.2316428,0.005392,3.063256,../GJFpDmbQSsaoRbYD3P1suw/HZB_AF_B18_P2_C-8.Green_1-8.jv.txt,GJFpDmbQSsaoRbYD3P1suw,w,c,Forward,Light
137,0.85843,-19.976656,72.297253,12.397936,0.7,-17.711337,-12.3979359,0.005407,4.069797,../GJFpDmbQSsaoRbYD3P1suw/HZB_AF_B18_P2_C-8.Green_1-8.jv.txt,GJFpDmbQSsaoRbYD3P1suw,w,c,Reverse,Light
138,0.828388,-20.383294,68.207195,11.516972,0.65,-17.718419,-11.516972350000001,0.006267,2.779032,../GJFpDmbQSsaoRbYD3P1suw/HZB_AF_B18_P2_C-8.Green_1-8.jv.txt,GJFpDmbQSsaoRbYD3P1suw,w,d,Forward,Light
139,0.83537,-20.427481,68.875552,11.753276,0.65,-18.081962,-11.7532753,0.006362,3.500022,../GJFpDmbQSsaoRbYD3P1suw/HZB_AF_B18_P2_C-8.Green_1-8.jv.txt,GJFpDmbQSsaoRbYD3P1suw,w,d,Reverse,Light
140,0.825576,-20.012,61.162991,10.105001,0.6,-16.841669,-10.105001399999999,0.007337,2.377485,../GJFpDmbQSsaoRbYD3P1suw/HZB_AF_B18_P2_C-8.Green_1-8.jv.txt,GJFpDmbQSsaoRbYD3P1suw,w,e,Forward,Light
141,0.83079,-19.991669,61.514369,10.216845,0.6,-17.028075,-10.216845000000001,0.007505,4.921563,../GJFpDmbQSsaoRbYD3P1suw/HZB_AF_B18_P2_C-8.Green_1-8.jv.txt,GJFpDmbQSsaoRbYD3P1suw,w,e,Reverse,Light
142,0.86826,-20.073031,73.447313,12.800852,0.7,-18.286931,-12.800851699999999,0.005624,3.025719,../GJFpDmbQSsaoRbYD3P1suw/HZB_AF_B18_P2_C-8.Green_1-8.jv.txt,GJFpDmbQSsaoRbYD3P1suw,w,f,Forward,Light
143,0.872904,-20.041588,74.043584,12.953461,0.7,-18.504944,-12.953460799999998,0.005679,3.162805,../GJFpDmbQSsaoRbYD3P1suw/HZB_AF_B18_P2_C-8.Green_1-8.jv.txt,GJFpDmbQSsaoRbYD3P1suw,w,f,Reverse,Light
144,1.1371,-21.246794,73.724547,17.811653,0.9,-19.790725,-17.811652499999997,0.006968,13.736264,../GJFpDmbQSsaoRbYD3P1suw/HZB_AF_B18_P2_C-13.Green_1-13.jv.txt,GJFpDmbQSsaoRbYD3P1suw,w,a,Forward,Light
145,1.136031,-21.258237,74.215853,17.923146,0.9,-19.914606,-17.9231454,0.006805,16.580311,../GJFpDmbQSsaoRbYD3P1suw/HZB_AF_B18_P2_C-13.Green_1-13.jv.txt,GJFpDmbQSsaoRbYD3P1suw,w,a,Reverse,Light
146,1.12446,-21.167875,73.969027,17.606424,0.9,-19.562694,-17.6064246,0.005601,14.716703,../GJFpDmbQSsaoRbYD3P1suw/HZB_AF_B18_P2_C-13.Green_1-13.jv.txt,GJFpDmbQSsaoRbYD3P1suw,w,b,Forward,Light
147,1.114468,-21.201494,74.013961,17.488299,0.9,-19.431444,-17.4882996,0.005121,6.122293,../GJFpDmbQSsaoRbYD3P1suw/HZB_AF_B18_P2_C-13.Green_1-13.jv.txt,GJFpDmbQSsaoRbYD3P1suw,w,b,Reverse,Light
148,1.124617,-20.480406,75.484346,17.38602,0.9,-19.3178,-17.38602,0.00583,6.169507,../GJFpDmbQSsaoRbYD3P1suw/HZB_AF_B18_P2_C-13.Green_1-13.jv.txt,GJFpDmbQSsaoRbYD3P1suw,w,c,Forward,Light
149,1.123377,-20.514331,75.728648,17.451911,0.9,-19.391013,-17.4519117,0.005662,4.950495,../GJFpDmbQSsaoRbYD3P1suw/HZB_AF_B18_P2_C-13.Green_1-13.jv.txt,GJFpDmbQSsaoRbYD3P1suw,w,c,Reverse,Light
150,1.128817,-21.185069,75.177377,17.977961,0.9,-19.975512,-17.977960799999998,0.005609,6.423123,../GJFpDmbQSsaoRbYD3P1suw/HZB_AF_B18_P2_C-13.Green_1-13.jv.txt,GJFpDmbQSsaoRbYD3P1suw,w,d,Forward,Light
151,1.123387,-21.191006,75.372325,17.942911,0.95,-18.887275,-17.942911249999998,0.005251,5.373455,../GJFpDmbQSsaoRbYD3P1suw/HZB_AF_B18_P2_C-13.Green_1-13.jv.txt,GJFpDmbQSsaoRbYD3P1suw,w,d,Reverse,Light
152,1.105491,-24.998325,83.284325,23.015983,0.95,-24.22735,-23.0159825,0.004756,6.813149,../GJFpDmbQSsaoRbYD3P1suw/HZB_AF_B18_P2_C-13.Green_1-13.jv.txt,GJFpDmbQSsaoRbYD3P1suw,w,e,Forward,Light
153,1.104866,-24.973887,83.282296,22.979906,0.95,-24.189375,-22.979906249999996,0.004729,5.122623,../GJFpDmbQSsaoRbYD3P1suw/HZB_AF_B18_P2_C-13.Green_1-13.jv.txt,GJFpDmbQSsaoRbYD3P1suw,w,e,Reverse,Light
154,1.119473,-20.740056,74.649814,17.332138,0.9,-19.257931,-17.3321379,0.005777,9.520409,../GJFpDmbQSsaoRbYD3P1suw/HZB_AF_B18_P2_C-13.Green_1-13.jv.txt,GJFpDmbQSsaoRbYD3P1suw,w,f,Forward,Light
155,1.110912,-20.754462,74.951979,17.281215,0.9,-19.20135,-17.281215000000003,0.00514,3.001538,../GJFpDmbQSsaoRbYD3P1suw/HZB_AF_B18_P2_C-13.Green_1-13.jv.txt,GJFpDmbQSsaoRbYD3P1suw,w,f,Reverse,Light
156,1.103915,-21.484819,69.532448,16.491302,0.85,-19.401531,-16.491301349999997,0.010222,6.312135,../GJFpDmbQSsaoRbYD3P1suw/HZB_AF_B18_P2_C-14.Green_1-14.jv.txt,GJFpDmbQSsaoRbYD3P1suw,w,a,Forward,Light
157,1.11159,-21.457731,72.841439,17.374292,0.85,-20.440344,-17.374292399999998,0.008376,8.340284,../GJFpDmbQSsaoRbYD3P1suw/HZB_AF_B18_P2_C-14.Green_1-14.jv.txt,GJFpDmbQSsaoRbYD3P1suw,w,a,Reverse,Light
158,1.105113,-21.45795,70.982207,16.832332,0.85,-19.802744,-16.8323324,0.008191,8.988764,../GJFpDmbQSsaoRbYD3P1suw/HZB_AF_B18_P2_C-14.Green_1-14.jv.txt,GJFpDmbQSsaoRbYD3P1suw,w,b,Forward,Light
159,1.10612,-21.442081,72.244446,17.134587,0.85,-20.158337,-17.13458645,0.007687,7.920008,../GJFpDmbQSsaoRbYD3P1suw/HZB_AF_B18_P2_C-14.Green_1-14.jv.txt,GJFpDmbQSsaoRbYD3P1suw,w,b,Reverse,Light
160,1.101636,-20.813512,72.370695,16.593817,0.85,-19.522137,-16.59381645,0.007721,-10.278813,../GJFpDmbQSsaoRbYD3P1suw/HZB_AF_B18_P2_C-14.Green_1-14.jv.txt,GJFpDmbQSsaoRbYD3P1suw,w,c,Forward,Light
161,1.105157,-20.807913,74.214212,17.066312,0.9,-18.962569,-17.066312099999998,0.007174,-689.655172,../GJFpDmbQSsaoRbYD3P1suw/HZB_AF_B18_P2_C-14.Green_1-14.jv.txt,GJFpDmbQSsaoRbYD3P1suw,w,c,Reverse,Light
162,1.103695,-21.385112,72.30525,17.065944,0.85,-20.077581,-17.06594385,0.00701,5.99835,../GJFpDmbQSsaoRbYD3P1suw/HZB_AF_B18_P2_C-14.Green_1-14.jv.txt,GJFpDmbQSsaoRbYD3P1suw,w,d,Forward,Light
163,1.105167,-21.386569,73.470325,17.365241,0.9,-19.294712,-17.365240800000002,0.006698,36.446469,../GJFpDmbQSsaoRbYD3P1suw/HZB_AF_B18_P2_C-14.Green_1-14.jv.txt,GJFpDmbQSsaoRbYD3P1suw,w,d,Reverse,Light
164,1.101442,-20.750925,73.219946,16.735113,0.85,-19.688369,-16.735113650000002,0.00699,9.885086,../GJFpDmbQSsaoRbYD3P1suw/HZB_AF_B18_P2_C-14.Green_1-14.jv.txt,GJFpDmbQSsaoRbYD3P1suw,w,e,Forward,Light
165,1.102665,-20.754325,73.957369,16.925192,0.9,-18.805769,-16.9251921,0.006776,-21.430485,../GJFpDmbQSsaoRbYD3P1suw/HZB_AF_B18_P2_C-14.Green_1-14.jv.txt,GJFpDmbQSsaoRbYD3P1suw,w,e,Reverse,Light
166,1.101377,-20.987194,74.350856,17.186057,0.9,-19.095619,-17.1860571,0.006183,53.191489,../GJFpDmbQSsaoRbYD3P1suw/HZB_AF_B18_P2_C-14.Green_1-14.jv.txt,GJFpDmbQSsaoRbYD3P1suw,w,f,Forward,Light
167,1.102475,-20.991181,74.910202,17.335901,0.9,-19.262113,-17.3359017,0.00602,5.38358,../GJFpDmbQSsaoRbYD3P1suw/HZB_AF_B18_P2_C-14.Green_1-14.jv.txt,GJFpDmbQSsaoRbYD3P1suw,w,f,Reverse,Light
168,1.204572,-21.490956,71.24359,18.443119,1.0,-18.443119,-18.443119,0.005652,1.746344,../GJFpDmbQSsaoRbYD3P1suw/HZB_AF_B18_P2_C-15.Green_1-15.jv.txt,GJFpDmbQSsaoRbYD3P1suw,w,a,Forward,Light
169,1.205854,-21.450119,73.516411,19.015544,1.0,-19.015544,-19.015544,0.005568,4.185633,../GJFpDmbQSsaoRbYD3P1suw/HZB_AF_B18_P2_C-15.Green_1-15.jv.txt,GJFpDmbQSsaoRbYD3P1suw,w,a,Reverse,Light
170,1.203526,-21.420069,73.912334,19.054313,1.0,-19.054313,-19.054313,0.005045,1.404864,../GJFpDmbQSsaoRbYD3P1suw/HZB_AF_B18_P2_C-15.Green_1-15.jv.txt,GJFpDmbQSsaoRbYD3P1suw,w,b,Forward,Light
171,1.203262,-21.439094,74.857235,19.310813,1.0,-19.310813,-19.310813,0.005041,1.791232,../GJFpDmbQSsaoRbYD3P1suw/HZB_AF_B18_P2_C-15.Green_1-15.jv.txt,GJFpDmbQSsaoRbYD3P1suw,w,b,Reverse,Light
172,1.167605,-20.805862,67.080735,16.29594,0.9,-18.1066,-16.29594,0.006394,1.34551,../GJFpDmbQSsaoRbYD3P1suw/HZB_AF_B18_P2_C-15.Green_1-15.jv.txt,GJFpDmbQSsaoRbYD3P1suw,w,c,Forward,Light
173,1.171205,-20.787681,69.49699,16.920183,0.95,-17.810719,-16.92018305,0.006309,2.361624,../GJFpDmbQSsaoRbYD3P1suw/HZB_AF_B18_P2_C-15.Green_1-15.jv.txt,GJFpDmbQSsaoRbYD3P1suw,w,c,Reverse,Light
174,1.204428,-21.4578,71.61548,18.508569,1.0,-18.508569,-18.508569,0.004764,1.788549,../GJFpDmbQSsaoRbYD3P1suw/HZB_AF_B18_P2_C-15.Green_1-15.jv.txt,GJFpDmbQSsaoRbYD3P1suw,w,d,Forward,Light
175,1.205695,-21.469838,74.50052,19.285256,1.0,-19.285256,-19.285256,0.004697,1.926922,../GJFpDmbQSsaoRbYD3P1suw/HZB_AF_B18_P2_C-15.Green_1-15.jv.txt,GJFpDmbQSsaoRbYD3P1suw,w,d,Reverse,Light
176,1.197271,-20.623231,65.592008,16.195719,1.0,-16.195719,-16.195719,0.007068,1.090572,../GJFpDmbQSsaoRbYD3P1suw/HZB_AF_B18_P2_C-15.Green_1-15.jv.txt,GJFpDmbQSsaoRbYD3P1suw,w,e,Forward,Light
177,1.201911,-20.610037,74.103416,18.356475,1.0,-18.356475,-18.356475,0.004902,2.122748,../GJFpDmbQSsaoRbYD3P1suw/HZB_AF_B18_P2_C-15.Green_1-15.jv.txt,GJFpDmbQSsaoRbYD3P1suw,w,e,Reverse,Light
178,1.190228,-21.019194,63.71250700000001,15.939361,0.95,-16.778275,-15.93936125,0.006687,0.841105,../GJFpDmbQSsaoRbYD3P1suw/HZB_AF_B18_P2_C-15.Green_1-15.jv.txt,GJFpDmbQSsaoRbYD3P1suw,w,f,Forward,Light
179,1.196463,-21.026694,70.753258,17.799869,1.0,-17.799869,-17.799869,0.006436,1.640723,../GJFpDmbQSsaoRbYD3P1suw/HZB_AF_B18_P2_C-15.Green_1-15.jv.txt,GJFpDmbQSsaoRbYD3P1suw,w,f,Reverse,Light
180,1.109581,-22.094225,71.344853,17.490429,0.85,-20.576975,-17.49042875,0.006172,5.558257,../GJFpDmbQSsaoRbYD3P1suw/HZB_AF_B18_P2_C-16.Green_1-16.jv.txt,GJFpDmbQSsaoRbYD3P1suw,w,a,Forward,Light
181,1.113006,-22.080906,73.682865,18.108428,0.9,-20.120475,-18.1084275,0.005802,8.066142,../GJFpDmbQSsaoRbYD3P1suw/HZB_AF_B18_P2_C-16.Green_1-16.jv.txt,GJFpDmbQSsaoRbYD3P1suw,w,a,Reverse,Light
182,1.10699,-22.399619,66.590698,16.511935,0.8,-20.639919,-16.5119352,0.008339,4.113957,../GJFpDmbQSsaoRbYD3P1suw/HZB_AF_B18_P2_C-16.Green_1-16.jv.txt,GJFpDmbQSsaoRbYD3P1suw,w,b,Forward,Light
183,1.115814,-22.423625,68.760358,17.204255,0.85,-20.2403,-17.204255,0.007602,4.425024,../GJFpDmbQSsaoRbYD3P1suw/HZB_AF_B18_P2_C-16.Green_1-16.jv.txt,GJFpDmbQSsaoRbYD3P1suw,w,b,Reverse,Light
184,1.105258,-21.611475,72.629619,17.3485,0.85,-20.41,-17.3485,0.005504,10.090817,../GJFpDmbQSsaoRbYD3P1suw/HZB_AF_B18_P2_C-16.Green_1-16.jv.txt,GJFpDmbQSsaoRbYD3P1suw,w,c,Forward,Light
185,1.107077,-21.6316,75.393939,18.055232,0.9,-20.061369,-18.0552321,0.00524,5.716327,../GJFpDmbQSsaoRbYD3P1suw/HZB_AF_B18_P2_C-16.Green_1-16.jv.txt,GJFpDmbQSsaoRbYD3P1suw,w,c,Reverse,Light
186,1.111662,-22.642725,71.628254,18.029584,0.85,-21.211275,-18.02958375,0.006349,11.83432,../GJFpDmbQSsaoRbYD3P1suw/HZB_AF_B18_P2_C-16.Green_1-16.jv.txt,GJFpDmbQSsaoRbYD3P1suw,w,d,Forward,Light
187,1.113428,-22.689725,73.288702,18.515199,0.9,-20.572444,-18.515199600000003,0.00604,7.834688,../GJFpDmbQSsaoRbYD3P1suw/HZB_AF_B18_P2_C-16.Green_1-16.jv.txt,GJFpDmbQSsaoRbYD3P1suw,w,d,Reverse,Light
188,1.108948,-21.97845,70.334586,17.142619,0.85,-20.167787,-17.14261895,0.006823,-59.479554,../GJFpDmbQSsaoRbYD3P1suw/HZB_AF_B18_P2_C-16.Green_1-16.jv.txt,GJFpDmbQSsaoRbYD3P1suw,w,e,Forward,Light
189,1.110967,-21.957063,72.24621,17.623427,0.85,-20.733444,-17.623427399999997,0.006429,3.912363,../GJFpDmbQSsaoRbYD3P1suw/HZB_AF_B18_P2_C-16.Green_1-16.jv.txt,GJFpDmbQSsaoRbYD3P1suw,w,e,Reverse,Light
190,1.110764,-22.589156,70.622209,17.719977,0.85,-20.847031,-17.71997635,0.006579,4.347117,../GJFpDmbQSsaoRbYD3P1suw/HZB_AF_B18_P2_C-16.Green_1-16.jv.txt,GJFpDmbQSsaoRbYD3P1suw,w,f,Forward,Light
191,1.112199,-22.574544,72.459251,18.192619,0.85,-21.403081,-18.19261885,0.006235,4.973887,../GJFpDmbQSsaoRbYD3P1suw/HZB_AF_B18_P2_C-16.Green_1-16.jv.txt,GJFpDmbQSsaoRbYD3P1suw,w,f,Reverse,Light
