,Voc(V),Jsc(mA/cm2),FF(%),PCE(%),V_mpp(V),J_mpp(mA/cm2),P_mpp(mW/cm2),R_series(Ohmcm2),R_shunt(Ohmcm2),sample,batch,condition,cell,direction,ilum
0,1.069888,-22.50435,79.474875,19.135277,0.9,-21.261419,-19.1352771,0.003965,2.933179,../xC8VbWnmQ_2E707ttjz-cQ/HZB_MMB_12_10_C-1.jv.txt,xC8VbWnmQ_2E707ttjz-cQ,w,a,Reverse,Light
1,1.069257,-22.485594,77.485466,18.629736,0.9,-20.699706,-18.6297354,0.004047,2.102888,../xC8VbWnmQ_2E707ttjz-cQ/HZB_MMB_12_10_C-1.jv.txt,xC8VbWnmQ_2E707ttjz-cQ,w,a,Forward,Light
2,1.070519,-22.7515,79.904951,19.461583,0.9,-21.623981,-19.4615829,0.003917,4.706574,../xC8VbWnmQ_2E707ttjz-cQ/HZB_MMB_12_10_C-1.jv.txt,xC8VbWnmQ_2E707ttjz-cQ,w,b,Reverse,Light
3,1.069992,-22.736994,77.34281,18.816261,0.9,-20.906956,-18.8162604,0.004094,4.306284,../xC8VbWnmQ_2E707ttjz-cQ/HZB_MMB_12_10_C-1.jv.txt,xC8VbWnmQ_2E707ttjz-cQ,w,b,Forward,Light
4,1.072745,-22.395456,76.126333,18.289062,0.88,-20.783025,-18.289061999999998,0.004782,1.4649,../xC8VbWnmQ_2E707ttjz-cQ/HZB_MMB_12_10_C-1.jv.txt,xC8VbWnmQ_2E707ttjz-cQ,w,c,Reverse,Light
5,1.068933,-22.443887,68.067513,16.330085,0.82,-19.914737,-16.33008434,0.005802,1.756119,../xC8VbWnmQ_2E707ttjz-cQ/HZB_MMB_12_10_C-1.jv.txt,xC8VbWnmQ_2E707ttjz-cQ,w,c,Forward,Light
6,1.065798,-22.3182,79.476495,18.904826,0.9,-21.005363,-18.9048267,0.003943,4.673466,../xC8VbWnmQ_2E707ttjz-cQ/HZB_MMB_12_10_C-1.jv.txt,xC8VbWnmQ_2E707ttjz-cQ,w,e,Reverse,Light
7,1.06488,-22.315013,76.402621,18.155407,0.88,-20.631144,-18.15540672,0.00409,5.532503,../xC8VbWnmQ_2E707ttjz-cQ/HZB_MMB_12_10_C-1.jv.txt,xC8VbWnmQ_2E707ttjz-cQ,w,e,Forward,Light
8,0.012561,-5.659393,0.0,0.0,0.0,-5.659393,-0.0,0.002219,0.002478,../xC8VbWnmQ_2E707ttjz-cQ/HZB_MMB_12_10_C-2.jv.txt,xC8VbWnmQ_2E707ttjz-cQ,w,a,Reverse,Light
9,0.012601,-5.722339,0.0,0.0,0.0,-5.722339,-0.0,0.002202,0.002477,../xC8VbWnmQ_2E707ttjz-cQ/HZB_MMB_12_10_C-2.jv.txt,xC8VbWnmQ_2E707ttjz-cQ,w,a,Forward,Light
10,1.068242,-21.878106,80.87639,18.901704,0.9,-21.001894,-18.901704600000002,0.003821,-30.418251,../xC8VbWnmQ_2E707ttjz-cQ/HZB_MMB_12_10_C-2.jv.txt,xC8VbWnmQ_2E707ttjz-cQ,w,b,Reverse,Light
11,1.067088,-21.872412,78.495838,18.320766,0.9,-20.356406,-18.3207654,0.004077,8.237515,../xC8VbWnmQ_2E707ttjz-cQ/HZB_MMB_12_10_C-2.jv.txt,xC8VbWnmQ_2E707ttjz-cQ,w,b,Forward,Light
12,1.061445,-21.466406,80.064299,18.242972,0.9,-20.269969,-18.2429721,0.003885,8.976577,../xC8VbWnmQ_2E707ttjz-cQ/HZB_MMB_12_10_C-2.jv.txt,xC8VbWnmQ_2E707ttjz-cQ,w,c,Reverse,Light
13,1.060994,-21.467756,76.984213,17.534814,0.88,-19.925925,-17.534814,0.004108,14.254956,../xC8VbWnmQ_2E707ttjz-cQ/HZB_MMB_12_10_C-2.jv.txt,xC8VbWnmQ_2E707ttjz-cQ,w,c,Forward,Light
14,1.066415,-21.805125,79.864849,18.571219,0.9,-20.634687,-18.5712183,0.003998,3.080823,../xC8VbWnmQ_2E707ttjz-cQ/HZB_MMB_12_10_C-2.jv.txt,xC8VbWnmQ_2E707ttjz-cQ,w,d,Reverse,Light
15,1.065693,-21.786556,76.380497,17.733848,0.88,-20.1521,-17.733848000000002,0.004343,6.844676,../xC8VbWnmQ_2E707ttjz-cQ/HZB_MMB_12_10_C-2.jv.txt,xC8VbWnmQ_2E707ttjz-cQ,w,d,Forward,Light
16,1.057324,-22.384837,74.096958,17.537284,0.88,-19.928731,-17.53728328,0.004673,3.68607,../xC8VbWnmQ_2E707ttjz-cQ/HZB_MMB_12_10_C-2.jv.txt,xC8VbWnmQ_2E707ttjz-cQ,w,e,Reverse,Light
17,1.062306,-22.38025,70.772136,16.825841,0.86,-19.564931,-16.82584066,0.004561,4.347039,../xC8VbWnmQ_2E707ttjz-cQ/HZB_MMB_12_10_C-2.jv.txt,xC8VbWnmQ_2E707ttjz-cQ,w,e,Forward,Light
18,1.008655,-21.741281,51.146563,11.216161,0.76,-14.758106,-11.21616056,0.009215,0.140395,../xC8VbWnmQ_2E707ttjz-cQ/HZB_MMB_12_10_C-2.jv.txt,xC8VbWnmQ_2E707ttjz-cQ,w,f,Reverse,Light
19,0.969471,-21.727825,47.274268,9.958086,0.68,-14.644244,-9.95808592,0.010901,0.133076,../xC8VbWnmQ_2E707ttjz-cQ/HZB_MMB_12_10_C-2.jv.txt,xC8VbWnmQ_2E707ttjz-cQ,w,f,Forward,Light
20,0.02655,-7.436406,18.600771,0.036725,0.02,-1.83627,-0.036725400000000005,0.003567,0.003567,../xC8VbWnmQ_2E707ttjz-cQ/HZB_MMB_12_10_C-3.jv.txt,xC8VbWnmQ_2E707ttjz-cQ,w,a,Reverse,Light
21,0.026626,-7.488556,18.643638,0.037174,0.02,-1.858686,-0.03717372,0.003565,0.003567,../xC8VbWnmQ_2E707ttjz-cQ/HZB_MMB_12_10_C-3.jv.txt,xC8VbWnmQ_2E707ttjz-cQ,w,a,Forward,Light
22,0.02485,-7.399325,15.795145,0.029043,0.02,-1.452164,-0.02904328,0.00334,0.003398,../xC8VbWnmQ_2E707ttjz-cQ/HZB_MMB_12_10_C-3.jv.txt,xC8VbWnmQ_2E707ttjz-cQ,w,b,Reverse,Light
23,0.024801,-7.429194,15.561127000000003,0.028671,0.02,-1.433564,-0.02867128,0.003349,0.003398,../xC8VbWnmQ_2E707ttjz-cQ/HZB_MMB_12_10_C-3.jv.txt,xC8VbWnmQ_2E707ttjz-cQ,w,b,Forward,Light
24,0.002697,-1.379417,0.0,0.0,0.0,-1.379417,-0.0,0.001955,0.002305,../xC8VbWnmQ_2E707ttjz-cQ/HZB_MMB_12_10_C-3.jv.txt,xC8VbWnmQ_2E707ttjz-cQ,w,c,Reverse,Light
25,0.002817,-1.450996,0.0,0.0,0.0,-1.450996,-0.0,0.001941,0.002305,../xC8VbWnmQ_2E707ttjz-cQ/HZB_MMB_12_10_C-3.jv.txt,xC8VbWnmQ_2E707ttjz-cQ,w,c,Forward,Light
26,0.049288,-10.829631,24.210814,0.129229,0.02,-6.461469,-0.12922938,0.0045,0.004561,../xC8VbWnmQ_2E707ttjz-cQ/HZB_MMB_12_10_C-3.jv.txt,xC8VbWnmQ_2E707ttjz-cQ,w,d,Reverse,Light
27,0.049186,-10.838306,24.156624,0.128777,0.02,-6.43885,-0.128777,0.00451,0.004555,../xC8VbWnmQ_2E707ttjz-cQ/HZB_MMB_12_10_C-3.jv.txt,xC8VbWnmQ_2E707ttjz-cQ,w,d,Forward,Light
28,0.008744,-3.118881,0.0,0.0,0.0,-3.118881,-0.0,0.002804,0.002847,../xC8VbWnmQ_2E707ttjz-cQ/HZB_MMB_12_10_C-3.jv.txt,xC8VbWnmQ_2E707ttjz-cQ,w,e,Reverse,Light
29,0.008817,-3.167587,0.0,0.0,0.0,-3.167587,-0.0,0.002784,0.002846,../xC8VbWnmQ_2E707ttjz-cQ/HZB_MMB_12_10_C-3.jv.txt,xC8VbWnmQ_2E707ttjz-cQ,w,e,Forward,Light
30,0.011369,-3.756417,0.0,0.0,0.0,-3.756417,-0.0,0.003027,0.003032,../xC8VbWnmQ_2E707ttjz-cQ/HZB_MMB_12_10_C-3.jv.txt,xC8VbWnmQ_2E707ttjz-cQ,w,f,Reverse,Light
31,0.011431,-3.803924,0.0,0.0,0.0,-3.803924,-0.0,0.003005,0.003031,../xC8VbWnmQ_2E707ttjz-cQ/HZB_MMB_12_10_C-3.jv.txt,xC8VbWnmQ_2E707ttjz-cQ,w,f,Forward,Light
32,1.063416,-22.2188,79.062954,18.680867,0.9,-20.756519,-18.6808671,0.003885,14.54215,../xC8VbWnmQ_2E707ttjz-cQ/HZB_MMB_12_10_C-4.jv.txt,xC8VbWnmQ_2E707ttjz-cQ,w,a,Reverse,Light
33,1.062942,-22.2139,77.218059,18.232802,0.9,-20.258669,-18.2328021,0.003934,12.539185,../xC8VbWnmQ_2E707ttjz-cQ/HZB_MMB_12_10_C-4.jv.txt,xC8VbWnmQ_2E707ttjz-cQ,w,a,Forward,Light
34,1.059547,-22.495406,77.707804,18.521601,0.9,-20.579556,-18.5216004,0.004412,15.29393,../xC8VbWnmQ_2E707ttjz-cQ/HZB_MMB_12_10_C-4.jv.txt,xC8VbWnmQ_2E707ttjz-cQ,w,b,Reverse,Light
35,1.058705,-22.503344,75.656099,18.024611,0.88,-20.482512,-18.02461056,0.004565,11.178388,../xC8VbWnmQ_2E707ttjz-cQ/HZB_MMB_12_10_C-4.jv.txt,xC8VbWnmQ_2E707ttjz-cQ,w,b,Forward,Light
36,1.061573,-21.474975,78.434078,17.880823,0.9,-19.867581,-17.880822900000002,0.00398,5.496393,../xC8VbWnmQ_2E707ttjz-cQ/HZB_MMB_12_10_C-4.jv.txt,xC8VbWnmQ_2E707ttjz-cQ,w,c,Reverse,Light
37,1.06104,-21.453756,76.708591,17.461395,0.88,-19.842494,-17.461394719999998,0.004091,3.986959,../xC8VbWnmQ_2E707ttjz-cQ/HZB_MMB_12_10_C-4.jv.txt,xC8VbWnmQ_2E707ttjz-cQ,w,c,Forward,Light
38,1.060123,-21.873487,78.866202,18.287955,0.9,-20.31995,-18.287955,0.003932,7.522627,../xC8VbWnmQ_2E707ttjz-cQ/HZB_MMB_12_10_C-4.jv.txt,xC8VbWnmQ_2E707ttjz-cQ,w,d,Reverse,Light
39,1.059907,-21.848056,76.594477,17.736906,0.88,-20.155575,-17.736905999999998,0.004527,5.870303,../xC8VbWnmQ_2E707ttjz-cQ/HZB_MMB_12_10_C-4.jv.txt,xC8VbWnmQ_2E707ttjz-cQ,w,d,Forward,Light
40,1.060312,-22.445369,77.091153,18.346995,0.9,-20.38555,-18.346995,0.003823,11.444239,../xC8VbWnmQ_2E707ttjz-cQ/HZB_MMB_12_10_C-4.jv.txt,xC8VbWnmQ_2E707ttjz-cQ,w,e,Reverse,Light
41,1.059625,-22.437381,75.171906,17.872283,0.88,-20.309413,-17.87228344,0.004454,4.840295,../xC8VbWnmQ_2E707ttjz-cQ/HZB_MMB_12_10_C-4.jv.txt,xC8VbWnmQ_2E707ttjz-cQ,w,e,Forward,Light
42,1.055081,-19.967169,77.400747,16.306003,0.9,-18.117781,-16.306002900000003,0.004662,5.847597,../xC8VbWnmQ_2E707ttjz-cQ/HZB_MMB_12_10_C-4.jv.txt,xC8VbWnmQ_2E707ttjz-cQ,w,f,Reverse,Light
43,1.053982,-19.955269,74.97036,15.768138,0.86,-18.335044,-15.76813784,0.004866,5.245758,../xC8VbWnmQ_2E707ttjz-cQ/HZB_MMB_12_10_C-4.jv.txt,xC8VbWnmQ_2E707ttjz-cQ,w,f,Forward,Light
44,1.072404,-21.525894,76.64644,17.693409,0.9,-19.659344,-17.693409600000003,0.004704,1.370577,../xC8VbWnmQ_2E707ttjz-cQ/HZB_MMB_12_10_C-5.jv.txt,xC8VbWnmQ_2E707ttjz-cQ,w,a,Reverse,Light
45,1.070687,-21.499513,72.771519,16.751456,0.86,-19.478438,-16.75145668,0.005476,1.248521,../xC8VbWnmQ_2E707ttjz-cQ/HZB_MMB_12_10_C-5.jv.txt,xC8VbWnmQ_2E707ttjz-cQ,w,a,Forward,Light
46,1.068618,-22.379963,79.134876,18.925605,0.9,-21.02845,-18.925605,0.004392,4.243844,../xC8VbWnmQ_2E707ttjz-cQ/HZB_MMB_12_10_C-5.jv.txt,xC8VbWnmQ_2E707ttjz-cQ,w,b,Reverse,Light
47,1.068217,-22.3798,75.557625,18.063166,0.88,-20.526325,-18.063166,0.004832,4.067193,../xC8VbWnmQ_2E707ttjz-cQ/HZB_MMB_12_10_C-5.jv.txt,xC8VbWnmQ_2E707ttjz-cQ,w,b,Forward,Light
48,0.04915,-12.523631,24.147141,0.148634,0.02,-7.431681,-0.14863362,0.003933,0.004079,../xC8VbWnmQ_2E707ttjz-cQ/HZB_MMB_12_10_C-5.jv.txt,xC8VbWnmQ_2E707ttjz-cQ,w,c,Reverse,Light
49,0.049101,-12.539044,24.097825,0.148367,0.02,-7.418325,-0.1483665,0.003924,0.004077,../xC8VbWnmQ_2E707ttjz-cQ/HZB_MMB_12_10_C-5.jv.txt,xC8VbWnmQ_2E707ttjz-cQ,w,c,Forward,Light
50,0.804538,-21.815256,41.600555,7.301401,0.54,-13.521113,-7.30140102,0.01148,0.075534,../xC8VbWnmQ_2E707ttjz-cQ/HZB_MMB_12_10_C-5.jv.txt,xC8VbWnmQ_2E707ttjz-cQ,w,d,Reverse,Light
51,0.791389,-21.771925,38.722495,6.671906,0.5,-13.343813,-6.6719065,0.009786,0.072294,../xC8VbWnmQ_2E707ttjz-cQ/HZB_MMB_12_10_C-5.jv.txt,xC8VbWnmQ_2E707ttjz-cQ,w,d,Forward,Light
52,1.068436,-22.083556,78.863893,18.607826,0.9,-20.675362,-18.6078258,0.004345,7.564714,../xC8VbWnmQ_2E707ttjz-cQ/HZB_MMB_12_10_C-5.jv.txt,xC8VbWnmQ_2E707ttjz-cQ,w,e,Reverse,Light
53,1.068757,-22.083088,74.79346,17.652349,0.88,-20.059487,-17.65234856,0.004845,10.756303,../xC8VbWnmQ_2E707ttjz-cQ/HZB_MMB_12_10_C-5.jv.txt,xC8VbWnmQ_2E707ttjz-cQ,w,e,Forward,Light
54,1.063474,-21.094256,78.854266,17.689534,0.9,-19.655037,-17.6895333,0.004371,4.649698,../xC8VbWnmQ_2E707ttjz-cQ/HZB_MMB_12_10_C-5.jv.txt,xC8VbWnmQ_2E707ttjz-cQ,w,f,Reverse,Light
55,1.06337,-21.104225,75.42545000000001,16.926679,0.88,-19.234862,-16.92667856,0.004699,6.566797,../xC8VbWnmQ_2E707ttjz-cQ/HZB_MMB_12_10_C-5.jv.txt,xC8VbWnmQ_2E707ttjz-cQ,w,f,Forward,Light
56,1.065007,-21.690731,80.805984,18.666816,0.9,-20.740906,-18.6668154,0.003848,9.664754,../xC8VbWnmQ_2E707ttjz-cQ/HZB_MMB_12_10_C-6.jv.txt,xC8VbWnmQ_2E707ttjz-cQ,w,b,Reverse,Light
57,1.064055,-21.68555,79.458015,18.334631,0.9,-20.371813,-18.3346317,0.003936,9.681811,../xC8VbWnmQ_2E707ttjz-cQ/HZB_MMB_12_10_C-6.jv.txt,xC8VbWnmQ_2E707ttjz-cQ,w,b,Forward,Light
58,1.064064,-21.523206,80.495131,18.435049,0.9,-20.483387,-18.435048300000002,0.003677,20.102607,../xC8VbWnmQ_2E707ttjz-cQ/HZB_MMB_12_10_C-6.jv.txt,xC8VbWnmQ_2E707ttjz-cQ,w,e,Reverse,Light
59,1.063111,-21.5238,78.864024,18.045821,0.9,-20.050912,-18.0458208,0.003778,6.349206,../xC8VbWnmQ_2E707ttjz-cQ/HZB_MMB_12_10_C-6.jv.txt,xC8VbWnmQ_2E707ttjz-cQ,w,e,Forward,Light
60,1.064058,-21.688531,80.402097,18.555075,0.9,-20.61675,-18.555075,0.003865,9.183088,../xC8VbWnmQ_2E707ttjz-cQ/HZB_MMB_12_10_C-6.jv.txt,xC8VbWnmQ_2E707ttjz-cQ,w,f,Reverse,Light
61,1.063317,-21.689481,78.850036,18.185029,0.9,-20.205588,-18.1850292,0.00395,16.770024,../xC8VbWnmQ_2E707ttjz-cQ/HZB_MMB_12_10_C-6.jv.txt,xC8VbWnmQ_2E707ttjz-cQ,w,f,Forward,Light
62,1.065604,-22.200456,80.341797,19.006369,0.9,-21.118188,-19.0063692,0.003683,14.842301,../xC8VbWnmQ_2E707ttjz-cQ/HZB_MMB_12_10_C-7.jv.txt,xC8VbWnmQ_2E707ttjz-cQ,w,a,Reverse,Light
63,1.064352,-22.191569,78.827513,18.618767,0.9,-20.687519,-18.618767100000003,0.003759,8.838965,../xC8VbWnmQ_2E707ttjz-cQ/HZB_MMB_12_10_C-7.jv.txt,xC8VbWnmQ_2E707ttjz-cQ,w,a,Forward,Light
64,1.064938,-21.397725,78.902709,17.979761,0.92,-19.543219,-17.97976148,0.003798,1.401,../xC8VbWnmQ_2E707ttjz-cQ/HZB_MMB_12_10_C-7.jv.txt,xC8VbWnmQ_2E707ttjz-cQ,w,b,Reverse,Light
65,1.063662,-21.387956,77.065354,17.532034,0.9,-19.480037,-17.5320333,0.003915,1.448434,../xC8VbWnmQ_2E707ttjz-cQ/HZB_MMB_12_10_C-7.jv.txt,xC8VbWnmQ_2E707ttjz-cQ,w,b,Forward,Light
66,1.065954,-21.341519,80.852746,18.393261,0.92,-19.992675,-18.393261,0.003554,5.583018,../xC8VbWnmQ_2E707ttjz-cQ/HZB_MMB_12_10_C-7.jv.txt,xC8VbWnmQ_2E707ttjz-cQ,w,c,Reverse,Light
67,1.064899,-21.336744,79.458209,18.054079,0.9,-20.060087,-18.0540783,0.003637,12.208304,../xC8VbWnmQ_2E707ttjz-cQ/HZB_MMB_12_10_C-7.jv.txt,xC8VbWnmQ_2E707ttjz-cQ,w,c,Forward,Light
68,1.065104,-20.516125,79.394512,17.34913,0.92,-18.85775,-17.34913,0.00366,2.374445,../xC8VbWnmQ_2E707ttjz-cQ/HZB_MMB_12_10_C-7.jv.txt,xC8VbWnmQ_2E707ttjz-cQ,w,e,Reverse,Light
69,1.063913,-20.494387,77.899388,16.985379,0.9,-18.872644,-16.9853796,0.003752,2.968644,../xC8VbWnmQ_2E707ttjz-cQ/HZB_MMB_12_10_C-7.jv.txt,xC8VbWnmQ_2E707ttjz-cQ,w,e,Forward,Light
70,1.061337,-21.296869,80.73793,18.249311,0.9,-20.277012,-18.2493108,0.003747,-590.769231,../xC8VbWnmQ_2E707ttjz-cQ/HZB_MMB_12_10_C-8.jv.txt,xC8VbWnmQ_2E707ttjz-cQ,w,a,Reverse,Light
71,1.060686,-21.321806,79.171417,17.905202,0.9,-19.894669,-17.9052021,0.003826,10.357104,../xC8VbWnmQ_2E707ttjz-cQ/HZB_MMB_12_10_C-8.jv.txt,xC8VbWnmQ_2E707ttjz-cQ,w,a,Forward,Light
72,1.059633,-21.043337,80.092321,17.859161,0.9,-19.843512,-17.8591608,0.004416,34.947215,../xC8VbWnmQ_2E707ttjz-cQ/HZB_MMB_12_10_C-8.jv.txt,xC8VbWnmQ_2E707ttjz-cQ,w,c,Reverse,Light
73,1.059078,-21.033094,78.628327,17.515001,0.9,-19.461113,-17.515001700000003,0.004513,13.435969,../xC8VbWnmQ_2E707ttjz-cQ/HZB_MMB_12_10_C-8.jv.txt,xC8VbWnmQ_2E707ttjz-cQ,w,c,Forward,Light
74,1.061961,-21.045762,80.444162,17.979086,0.9,-19.976762,-17.9790858,0.003832,17.642194,../xC8VbWnmQ_2E707ttjz-cQ/HZB_MMB_12_10_C-8.jv.txt,xC8VbWnmQ_2E707ttjz-cQ,w,e,Reverse,Light
75,1.061186,-21.042675,78.745902,17.58411,0.9,-19.5379,-17.584110000000003,0.003934,29.827559,../xC8VbWnmQ_2E707ttjz-cQ/HZB_MMB_12_10_C-8.jv.txt,xC8VbWnmQ_2E707ttjz-cQ,w,e,Forward,Light
76,1.041037,-20.211931,65.271588,13.734031,0.82,-16.748819,-13.73403158,0.005346,1.223343,../xC8VbWnmQ_2E707ttjz-cQ/HZB_MMB_12_10_C-9.jv.txt,xC8VbWnmQ_2E707ttjz-cQ,w,a,Reverse,Light
77,1.031412,-20.216106,62.216234,12.972785,0.78,-16.631775,-12.972784500000001,0.006395,1.156139,../xC8VbWnmQ_2E707ttjz-cQ/HZB_MMB_12_10_C-9.jv.txt,xC8VbWnmQ_2E707ttjz-cQ,w,a,Forward,Light
78,1.066124,-20.997825,80.556914,18.033696,0.92,-19.601844,-18.03369648,0.003601,3.99875,../xC8VbWnmQ_2E707ttjz-cQ/HZB_MMB_12_10_C-9.jv.txt,xC8VbWnmQ_2E707ttjz-cQ,w,b,Reverse,Light
79,1.064372,-20.992869,78.866522,17.622107,0.9,-19.580119,-17.6221071,0.003681,3.439874,../xC8VbWnmQ_2E707ttjz-cQ/HZB_MMB_12_10_C-9.jv.txt,xC8VbWnmQ_2E707ttjz-cQ,w,b,Forward,Light
80,1.06511,-20.145656,80.24270900000002,17.217956,0.9,-19.131063,-17.217956700000002,0.003998,3.732504,../xC8VbWnmQ_2E707ttjz-cQ/HZB_MMB_12_10_C-9.jv.txt,xC8VbWnmQ_2E707ttjz-cQ,w,c,Reverse,Light
81,1.063851,-20.142837,78.535697,16.829398,0.9,-18.699331,-16.8293979,0.004096,13.15519,../xC8VbWnmQ_2E707ttjz-cQ/HZB_MMB_12_10_C-9.jv.txt,xC8VbWnmQ_2E707ttjz-cQ,w,c,Forward,Light
82,1.060095,-20.777113,73.912394,16.279734,0.9,-18.088594,-16.2797346,0.003888,1.497263,../xC8VbWnmQ_2E707ttjz-cQ/HZB_MMB_12_10_C-9.jv.txt,xC8VbWnmQ_2E707ttjz-cQ,w,d,Reverse,Light
83,1.058659,-20.768744,71.961251,15.822135,0.9,-17.58015,-15.822135,0.004528,1.159756,../xC8VbWnmQ_2E707ttjz-cQ/HZB_MMB_12_10_C-9.jv.txt,xC8VbWnmQ_2E707ttjz-cQ,w,d,Forward,Light
84,1.062043,-19.045388,77.921323,15.76116,0.9,-17.5124,-15.76116,0.004146,3.761534,../xC8VbWnmQ_2E707ttjz-cQ/HZB_MMB_12_10_C-9.jv.txt,xC8VbWnmQ_2E707ttjz-cQ,w,e,Reverse,Light
85,1.061093,-19.042525,76.313688,15.419858,0.9,-17.133175,-15.4198575,0.004255,4.143915,../xC8VbWnmQ_2E707ttjz-cQ/HZB_MMB_12_10_C-9.jv.txt,xC8VbWnmQ_2E707ttjz-cQ,w,e,Forward,Light
86,1.061839,-20.185375,79.710575,17.084857,0.9,-18.983175,-17.0848575,0.003937,9.618757,../xC8VbWnmQ_2E707ttjz-cQ/HZB_MMB_12_10_C-9.jv.txt,xC8VbWnmQ_2E707ttjz-cQ,w,f,Reverse,Light
87,1.060898,-20.179963,77.694739,16.633569,0.9,-18.481744,-16.6335696,0.004064,7.604262,../xC8VbWnmQ_2E707ttjz-cQ/HZB_MMB_12_10_C-9.jv.txt,xC8VbWnmQ_2E707ttjz-cQ,w,f,Forward,Light
88,1.069927,-21.538131,74.880764,17.255701,0.86,-20.064769,-17.255701339999998,0.005557,5.766632,../xC8VbWnmQ_2E707ttjz-cQ/HZB_MMB_12_10_C-10.jv.txt,xC8VbWnmQ_2E707ttjz-cQ,w,a,Reverse,Light
89,1.058522,-21.541381,71.720232,16.35366,0.82,-19.943487,-16.35365934,0.007769,5.174784,../xC8VbWnmQ_2E707ttjz-cQ/HZB_MMB_12_10_C-10.jv.txt,xC8VbWnmQ_2E707ttjz-cQ,w,a,Forward,Light
90,0.593669,-20.806825,33.473633,4.134783,0.34,-12.161125,-4.1347825,0.018494,0.053467,../xC8VbWnmQ_2E707ttjz-cQ/HZB_MMB_12_10_C-10.jv.txt,xC8VbWnmQ_2E707ttjz-cQ,w,b,Reverse,Light
91,0.557261,-20.766275,34.568596,4.000362,0.32,-12.501131,-4.0003619200000005,0.018545,0.051723,../xC8VbWnmQ_2E707ttjz-cQ/HZB_MMB_12_10_C-10.jv.txt,xC8VbWnmQ_2E707ttjz-cQ,w,b,Forward,Light
92,1.064311,-21.607412,79.255083,18.226294,0.9,-20.251438,-18.2262942,0.004092,5.145798,../xC8VbWnmQ_2E707ttjz-cQ/HZB_MMB_12_10_C-10.jv.txt,xC8VbWnmQ_2E707ttjz-cQ,w,c,Reverse,Light
93,1.063033,-21.60585,76.678899,17.611407,0.88,-20.012963,-17.61140744,0.004479,4.676995,../xC8VbWnmQ_2E707ttjz-cQ/HZB_MMB_12_10_C-10.jv.txt,xC8VbWnmQ_2E707ttjz-cQ,w,c,Forward,Light
94,0.861218,-21.432406,52.35957,9.664515,0.58,-16.662956,-9.66451448,0.015291,0.251014,../xC8VbWnmQ_2E707ttjz-cQ/HZB_MMB_12_10_C-10.jv.txt,xC8VbWnmQ_2E707ttjz-cQ,w,d,Reverse,Light
95,0.763153,-21.423137,51.685859,8.450191,0.5,-16.900381,-8.4501905,0.019279,0.239303,../xC8VbWnmQ_2E707ttjz-cQ/HZB_MMB_12_10_C-10.jv.txt,xC8VbWnmQ_2E707ttjz-cQ,w,d,Forward,Light
96,0.061794,-11.432569,22.886319,0.161683,0.04,-4.042085,-0.1616834,0.005363,0.00541,../xC8VbWnmQ_2E707ttjz-cQ/HZB_MMB_12_10_C-10.jv.txt,xC8VbWnmQ_2E707ttjz-cQ,w,e,Reverse,Light
97,0.061829,-11.460181,22.854745,0.161943,0.04,-4.048563,-0.16194251999999998,0.005375,0.005411,../xC8VbWnmQ_2E707ttjz-cQ/HZB_MMB_12_10_C-10.jv.txt,xC8VbWnmQ_2E707ttjz-cQ,w,e,Forward,Light
98,1.050743,-21.305594,62.850336,14.070117,0.76,-18.513312,-14.070117119999999,0.007306,1.24466,../xC8VbWnmQ_2E707ttjz-cQ/HZB_MMB_12_10_C-10.jv.txt,xC8VbWnmQ_2E707ttjz-cQ,w,f,Reverse,Light
99,0.989854,-21.289587,56.365849000000004,11.878308,0.64,-18.559856,-11.87830784,0.008958,0.985859,../xC8VbWnmQ_2E707ttjz-cQ/HZB_MMB_12_10_C-10.jv.txt,xC8VbWnmQ_2E707ttjz-cQ,w,f,Forward,Light
100,1.064838,-19.77895,78.586307,16.551364,0.92,-17.990613,-16.55136396,0.003852,1.11552,../xC8VbWnmQ_2E707ttjz-cQ/HZB_MMB_12_10_C-11.jv.txt,xC8VbWnmQ_2E707ttjz-cQ,w,e,Reverse,Light
101,1.062908,-19.769488,77.212065,16.224683,0.9,-18.027425,-16.2246825,0.003889,1.064219,../xC8VbWnmQ_2E707ttjz-cQ/HZB_MMB_12_10_C-11.jv.txt,xC8VbWnmQ_2E707ttjz-cQ,w,e,Forward,Light
102,1.055583,-22.280431,76.890512,18.083764,0.88,-20.549731,-18.083763280000003,0.004819,6.377466,../xC8VbWnmQ_2E707ttjz-cQ/HZB_MMB_12_10_C-12.jv.txt,xC8VbWnmQ_2E707ttjz-cQ,w,d,Reverse,Light
103,1.055247,-22.286019,71.10236,16.721324,0.84,-19.906337,-16.72132308,0.005545,4.00075,../xC8VbWnmQ_2E707ttjz-cQ/HZB_MMB_12_10_C-12.jv.txt,xC8VbWnmQ_2E707ttjz-cQ,w,d,Forward,Light
104,1.06309,-21.168225,79.354322,17.857682,0.9,-19.841869,-17.857682099999998,0.00402,6.030908,../xC8VbWnmQ_2E707ttjz-cQ/HZB_MMB_12_10_C-13.jv.txt,xC8VbWnmQ_2E707ttjz-cQ,w,a,Reverse,Light
105,1.062111,-21.178419,78.028191,17.551524,0.9,-19.501694,-17.5515246,0.00413,8.479816,../xC8VbWnmQ_2E707ttjz-cQ/HZB_MMB_12_10_C-13.jv.txt,xC8VbWnmQ_2E707ttjz-cQ,w,a,Forward,Light
106,1.062053,-21.048225,78.764884,17.607364,0.9,-19.563737,-17.6073633,0.003954,3.988782,../xC8VbWnmQ_2E707ttjz-cQ/HZB_MMB_12_10_C-13.jv.txt,xC8VbWnmQ_2E707ttjz-cQ,w,b,Reverse,Light
107,1.060603,-21.05685,77.168595,17.234038,0.9,-19.148931,-17.2340379,0.004093,2.624134,../xC8VbWnmQ_2E707ttjz-cQ/HZB_MMB_12_10_C-13.jv.txt,xC8VbWnmQ_2E707ttjz-cQ,w,b,Forward,Light
108,1.048906,-20.414062,76.87999500000001,16.461873,0.86,-19.141713,-16.461873179999998,0.004541,34.688347,../xC8VbWnmQ_2E707ttjz-cQ/HZB_MMB_12_10_C-13.jv.txt,xC8VbWnmQ_2E707ttjz-cQ,w,c,Reverse,Light
109,1.043319,-20.417356,73.05767,15.562606,0.84,-18.526912,-15.562606079999998,0.004828,13.371405,../xC8VbWnmQ_2E707ttjz-cQ/HZB_MMB_12_10_C-13.jv.txt,xC8VbWnmQ_2E707ttjz-cQ,w,c,Forward,Light
110,0.427632,-19.888094,52.226379,4.441736,0.28,-15.863344,-4.44173632,0.006806,1.940884,../xC8VbWnmQ_2E707ttjz-cQ/HZB_MMB_12_10_C-13.jv.txt,xC8VbWnmQ_2E707ttjz-cQ,w,d,Reverse,Light
111,0.413609,-19.8733,50.250445,4.130477,0.26,-15.88645,-4.130477,0.007066,1.163122,../xC8VbWnmQ_2E707ttjz-cQ/HZB_MMB_12_10_C-13.jv.txt,xC8VbWnmQ_2E707ttjz-cQ,w,d,Forward,Light
112,1.059434,-21.087213,78.167265,17.462959,0.9,-19.403287,-17.4629583,0.004443,6.958539,../xC8VbWnmQ_2E707ttjz-cQ/HZB_MMB_12_10_C-13.jv.txt,xC8VbWnmQ_2E707ttjz-cQ,w,e,Reverse,Light
113,1.057829,-21.098213,76.41168,17.053795,0.88,-19.379313,-17.05379544,0.004631,7.330483,../xC8VbWnmQ_2E707ttjz-cQ/HZB_MMB_12_10_C-13.jv.txt,xC8VbWnmQ_2E707ttjz-cQ,w,e,Forward,Light
114,0.080778,-12.176538,25.091391,0.246799,0.04,-6.169962,-0.24679848000000001,0.006562,0.006664,../xC8VbWnmQ_2E707ttjz-cQ/HZB_MMB_12_10_C-13.jv.txt,xC8VbWnmQ_2E707ttjz-cQ,w,f,Reverse,Light
115,0.080748,-12.188094,25.041202000000002,0.246445,0.04,-6.161136,-0.24644544000000002,0.006526,0.006662,../xC8VbWnmQ_2E707ttjz-cQ/HZB_MMB_12_10_C-13.jv.txt,xC8VbWnmQ_2E707ttjz-cQ,w,f,Forward,Light
116,1.05861,-19.628419,78.440776,16.29909,0.9,-18.1101,-16.29909,0.004689,7.051047,../xC8VbWnmQ_2E707ttjz-cQ/HZB_MMB_12_10_C-14.jv.txt,xC8VbWnmQ_2E707ttjz-cQ,w,b,Reverse,Light
117,1.054915,-19.6101,75.546463,15.628289,0.88,-17.759419,-15.62828872,0.004795,6.116598,../xC8VbWnmQ_2E707ttjz-cQ/HZB_MMB_12_10_C-14.jv.txt,xC8VbWnmQ_2E707ttjz-cQ,w,b,Forward,Light
118,1.064205,-20.453806,80.146229,17.445471,0.9,-19.383856,-17.4454704,0.004059,12.019532,../xC8VbWnmQ_2E707ttjz-cQ/HZB_MMB_12_10_C-14.jv.txt,xC8VbWnmQ_2E707ttjz-cQ,w,d,Reverse,Light
119,1.062954,-20.433619,78.603953,17.072781,0.9,-18.969756,-17.0727804,0.004149,11.144648,../xC8VbWnmQ_2E707ttjz-cQ/HZB_MMB_12_10_C-14.jv.txt,xC8VbWnmQ_2E707ttjz-cQ,w,d,Forward,Light
120,1.065167,-19.952312,80.11319900000001,17.026093,0.9,-18.917881,-17.026092900000002,0.004399,7.877569,../xC8VbWnmQ_2E707ttjz-cQ/HZB_MMB_12_10_C-14.jv.txt,xC8VbWnmQ_2E707ttjz-cQ,w,f,Reverse,Light
121,1.063744,-19.913769,78.478821,16.624282,0.9,-18.471425,-16.6242825,0.004507,11.073303,../xC8VbWnmQ_2E707ttjz-cQ/HZB_MMB_12_10_C-14.jv.txt,xC8VbWnmQ_2E707ttjz-cQ,w,f,Forward,Light
122,0.144923,-15.587131,25.889474,0.584828,0.08,-7.310344,-0.58482752,0.008447,0.009898,../xC8VbWnmQ_2E707ttjz-cQ/HZB_MMB_12_10_C-15.jv.txt,xC8VbWnmQ_2E707ttjz-cQ,w,a,Reverse,Light
123,0.14417,-15.561175,25.780561000000002,0.578377,0.08,-7.229713,-0.57837704,0.008569,0.009861,../xC8VbWnmQ_2E707ttjz-cQ/HZB_MMB_12_10_C-15.jv.txt,xC8VbWnmQ_2E707ttjz-cQ,w,a,Forward,Light
124,0.024845,-7.218419,15.712759000000002,0.02818,0.02,-1.408985,-0.0281797,0.003439,0.00346,../xC8VbWnmQ_2E707ttjz-cQ/HZB_MMB_12_10_C-15.jv.txt,xC8VbWnmQ_2E707ttjz-cQ,w,b,Reverse,Light
125,0.024837,-7.245813,15.609976,0.028093,0.02,-1.404641,-0.02809282,0.003444,0.00346,../xC8VbWnmQ_2E707ttjz-cQ/HZB_MMB_12_10_C-15.jv.txt,xC8VbWnmQ_2E707ttjz-cQ,w,b,Forward,Light
126,0.047559,-9.629031,24.449746,0.111967,0.02,-5.598325,-0.1119665,0.004902,0.004948,../xC8VbWnmQ_2E707ttjz-cQ/HZB_MMB_12_10_C-15.jv.txt,xC8VbWnmQ_2E707ttjz-cQ,w,c,Reverse,Light
127,0.04736,-9.633794,24.415068,0.111395,0.02,-5.569736,-0.11139472,0.004905,0.00494,../xC8VbWnmQ_2E707ttjz-cQ/HZB_MMB_12_10_C-15.jv.txt,xC8VbWnmQ_2E707ttjz-cQ,w,c,Forward,Light
128,0.826641,-20.100463,57.790662000000005,9.602423,0.6,-16.004038,-9.602422800000001,0.007557,0.234421,../xC8VbWnmQ_2E707ttjz-cQ/HZB_MMB_12_10_C-15.jv.txt,xC8VbWnmQ_2E707ttjz-cQ,w,d,Reverse,Light
129,0.813013,-20.090331,56.356477000000005,9.205099,0.6,-15.341831,-9.2050986,0.008119,0.213153,../xC8VbWnmQ_2E707ttjz-cQ/HZB_MMB_12_10_C-15.jv.txt,xC8VbWnmQ_2E707ttjz-cQ,w,d,Forward,Light
130,0.145892,-14.741012,25.792563,0.554692,0.08,-6.93365,-0.5546920000000001,0.009032,0.010502,../xC8VbWnmQ_2E707ttjz-cQ/HZB_MMB_12_10_C-15.jv.txt,xC8VbWnmQ_2E707ttjz-cQ,w,e,Reverse,Light
131,0.145338,-14.738031,25.722931,0.550983,0.08,-6.887288,-0.55098304,0.009125,0.010474,../xC8VbWnmQ_2E707ttjz-cQ/HZB_MMB_12_10_C-15.jv.txt,xC8VbWnmQ_2E707ttjz-cQ,w,e,Forward,Light
132,0.635327,-19.861556,54.35250500000001,6.858511,0.44,-15.587525,-6.858511,0.007481,0.214117,../xC8VbWnmQ_2E707ttjz-cQ/HZB_MMB_12_10_C-15.jv.txt,xC8VbWnmQ_2E707ttjz-cQ,w,f,Reverse,Light
133,0.607568,-19.868362,51.89856,6.264872,0.42,-14.916362,-6.264872039999999,0.007904,0.212304,../xC8VbWnmQ_2E707ttjz-cQ/HZB_MMB_12_10_C-15.jv.txt,xC8VbWnmQ_2E707ttjz-cQ,w,f,Forward,Light
134,1.016233,-21.410106,55.63436900000001,12.10473,0.8,-15.130913,-12.104730400000001,0.007214,0.288511,../NUkRVxDdS06VkUvRt9HNJA/HZB_MMB_12_1_C-1.jv.txt,NUkRVxDdS06VkUvRt9HNJA,w,a,Reverse,Light
135,1.009575,-21.40715,53.98719,11.667781,0.78,-14.958694,-11.66778132,0.007729,0.281927,../NUkRVxDdS06VkUvRt9HNJA/HZB_MMB_12_1_C-1.jv.txt,NUkRVxDdS06VkUvRt9HNJA,w,a,Forward,Light
136,1.043668,-21.6495,80.665154,18.226198,0.9,-20.251331,-18.226197900000003,0.003909,7.185629,../NUkRVxDdS06VkUvRt9HNJA/HZB_MMB_12_1_C-1.jv.txt,NUkRVxDdS06VkUvRt9HNJA,w,b,Reverse,Light
137,1.044479,-21.653287,79.233038,17.919669,0.9,-19.910744,-17.919669600000002,0.003957,8.3323,../NUkRVxDdS06VkUvRt9HNJA/HZB_MMB_12_1_C-1.jv.txt,NUkRVxDdS06VkUvRt9HNJA,w,b,Forward,Light
138,1.044923,-21.342163,77.723333,17.333019,0.88,-19.696613,-17.33301944,0.004444,5.211322,../NUkRVxDdS06VkUvRt9HNJA/HZB_MMB_12_1_C-1.jv.txt,NUkRVxDdS06VkUvRt9HNJA,w,c,Reverse,Light
139,1.045581,-21.33305,75.211908,16.776342,0.86,-19.507375,-16.7763425,0.004641,3.582185,../NUkRVxDdS06VkUvRt9HNJA/HZB_MMB_12_1_C-1.jv.txt,NUkRVxDdS06VkUvRt9HNJA,w,c,Forward,Light
140,1.045215,-21.668581,79.096213,17.913967,0.88,-20.356781,-17.91396728,0.004142,4.616574,../NUkRVxDdS06VkUvRt9HNJA/HZB_MMB_12_1_C-1.jv.txt,NUkRVxDdS06VkUvRt9HNJA,w,e,Reverse,Light
141,1.046265,-21.66185,77.626393,17.593268,0.88,-19.99235,-17.593268,0.004223,3.613243,../NUkRVxDdS06VkUvRt9HNJA/HZB_MMB_12_1_C-1.jv.txt,NUkRVxDdS06VkUvRt9HNJA,w,e,Forward,Light
142,1.05306,-22.172294,78.728845,18.38221,0.88,-20.888875,-18.38221,0.005129,3.759966,../NUkRVxDdS06VkUvRt9HNJA/HZB_MMB_12_1_C-6.jv.txt,NUkRVxDdS06VkUvRt9HNJA,w,a,Reverse,Light
143,1.053252,-22.151294,76.716593,17.898675,0.86,-20.812413,-17.898675179999998,0.00518,5.256468,../NUkRVxDdS06VkUvRt9HNJA/HZB_MMB_12_1_C-6.jv.txt,NUkRVxDdS06VkUvRt9HNJA,w,a,Forward,Light
144,1.057154,-22.027719,78.93081,18.380373,0.88,-20.886788,-18.38037344,0.005292,14.273577,../NUkRVxDdS06VkUvRt9HNJA/HZB_MMB_12_1_C-6.jv.txt,NUkRVxDdS06VkUvRt9HNJA,w,b,Reverse,Light
145,1.057533,-22.034094,76.886442,17.915914,0.88,-20.358994,-17.91591472,0.005332,3.693221,../NUkRVxDdS06VkUvRt9HNJA/HZB_MMB_12_1_C-6.jv.txt,NUkRVxDdS06VkUvRt9HNJA,w,b,Forward,Light
146,1.058436,-22.161387,80.222811,18.817397,0.9,-20.908219,-18.8173971,0.004632,10.154892,../NUkRVxDdS06VkUvRt9HNJA/HZB_MMB_12_1_C-6.jv.txt,NUkRVxDdS06VkUvRt9HNJA,w,d,Reverse,Light
147,1.058747,-22.163781,78.451821,18.409369,0.88,-20.919738,-18.40936944,0.004672,5.679153,../NUkRVxDdS06VkUvRt9HNJA/HZB_MMB_12_1_C-6.jv.txt,NUkRVxDdS06VkUvRt9HNJA,w,d,Forward,Light
148,0.035513,-9.139106,24.592222,0.079817,0.02,-3.990831,-0.07981662,0.003887,0.003877,../NUkRVxDdS06VkUvRt9HNJA/HZB_MMB_12_1_C-8.jv.txt,NUkRVxDdS06VkUvRt9HNJA,w,a,Reverse,Light
149,0.035482,-9.1683,24.568652,0.079924,0.02,-3.996193,-0.07992386,0.003874,0.003877,../NUkRVxDdS06VkUvRt9HNJA/HZB_MMB_12_1_C-8.jv.txt,NUkRVxDdS06VkUvRt9HNJA,w,a,Forward,Light
150,0.136574,-17.066131,25.732831,0.599778,0.06,-9.996306,-0.5997783600000001,0.007337,0.008427,../NUkRVxDdS06VkUvRt9HNJA/HZB_MMB_12_1_C-8.jv.txt,NUkRVxDdS06VkUvRt9HNJA,w,b,Reverse,Light
151,0.136441,-17.067481,25.69215,0.598295,0.08,-7.478694,-0.59829552,0.007292,0.008413,../NUkRVxDdS06VkUvRt9HNJA/HZB_MMB_12_1_C-8.jv.txt,NUkRVxDdS06VkUvRt9HNJA,w,b,Forward,Light
152,1.046287,-21.712825,72.653602,16.505339,0.82,-20.128462,-16.505338839999997,0.007266,4.246244,../NUkRVxDdS06VkUvRt9HNJA/HZB_MMB_12_1_C-8.jv.txt,NUkRVxDdS06VkUvRt9HNJA,w,c,Reverse,Light
153,1.045151,-21.7155,69.181246,15.70136,0.8,-19.6267,-15.701360000000001,0.008794,4.162408,../NUkRVxDdS06VkUvRt9HNJA/HZB_MMB_12_1_C-8.jv.txt,NUkRVxDdS06VkUvRt9HNJA,w,c,Forward,Light
154,0.087944,-13.284438,24.992181,0.29198,0.04,-7.299494,-0.29197976000000003,0.006479,0.006654,../NUkRVxDdS06VkUvRt9HNJA/HZB_MMB_12_1_C-8.jv.txt,NUkRVxDdS06VkUvRt9HNJA,w,d,Reverse,Light
155,0.087964,-13.289137,24.992464,0.292152,0.04,-7.303794,-0.29215176,0.006494,0.006656,../NUkRVxDdS06VkUvRt9HNJA/HZB_MMB_12_1_C-8.jv.txt,NUkRVxDdS06VkUvRt9HNJA,w,d,Forward,Light
156,1.044374,-22.158337,76.972608,17.812685,0.86,-20.712425,-17.8126855,0.005233,4.733061,../NUkRVxDdS06VkUvRt9HNJA/HZB_MMB_12_1_C-8.jv.txt,NUkRVxDdS06VkUvRt9HNJA,w,e,Reverse,Light
157,1.045382,-22.157763,74.465818,17.248759,0.84,-20.534237,-17.24875908,0.005853,4.796146,../NUkRVxDdS06VkUvRt9HNJA/HZB_MMB_12_1_C-8.jv.txt,NUkRVxDdS06VkUvRt9HNJA,w,e,Forward,Light
158,-0.04,-0.0,0.0,3.828546,0.32,-11.964206,-3.8285459200000003,0.0,0.0,../NUkRVxDdS06VkUvRt9HNJA/HZB_MMB_12_1_C-8.jv.txt,NUkRVxDdS06VkUvRt9HNJA,w,f,Reverse,Light
159,0.065066,-11.889256,23.689957,0.183263,0.04,-4.581571,-0.18326284,0.005458,0.005466,../NUkRVxDdS06VkUvRt9HNJA/HZB_MMB_12_1_C-12.jv.txt,NUkRVxDdS06VkUvRt9HNJA,w,a,Reverse,Light
160,0.065041,-11.901331,23.680574,0.183305,0.04,-4.582627,-0.18330507999999998,0.005451,0.005464,../NUkRVxDdS06VkUvRt9HNJA/HZB_MMB_12_1_C-12.jv.txt,NUkRVxDdS06VkUvRt9HNJA,w,a,Forward,Light
161,0.895314,-21.137238,45.346995,8.58168,0.64,-13.408875,-8.58168,0.012226,0.083716,../NUkRVxDdS06VkUvRt9HNJA/HZB_MMB_12_1_C-12.jv.txt,NUkRVxDdS06VkUvRt9HNJA,w,b,Reverse,Light
162,0.869721,-21.12255,43.124781,7.922332,0.6,-13.203888,-7.9223327999999995,0.012479,0.07989,../NUkRVxDdS06VkUvRt9HNJA/HZB_MMB_12_1_C-12.jv.txt,NUkRVxDdS06VkUvRt9HNJA,w,b,Forward,Light
163,1.02414,-22.134569,65.461866,14.839484,0.74,-20.053356,-14.83948344,0.011388,2.538603,../NUkRVxDdS06VkUvRt9HNJA/HZB_MMB_12_1_C-12.jv.txt,NUkRVxDdS06VkUvRt9HNJA,w,c,Reverse,Light
164,1.016008,-22.129131,61.608729,13.851716,0.72,-19.238494,-13.85171568,0.015785,1.954113,../NUkRVxDdS06VkUvRt9HNJA/HZB_MMB_12_1_C-12.jv.txt,NUkRVxDdS06VkUvRt9HNJA,w,c,Forward,Light
165,1.020845,-22.664062,69.577468,16.097784,0.82,-19.631444,-16.097784079999997,0.00624,1.593097,../NUkRVxDdS06VkUvRt9HNJA/HZB_MMB_12_1_C-12.jv.txt,NUkRVxDdS06VkUvRt9HNJA,w,d,Reverse,Light
166,1.014536,-22.650244,65.884968,15.140024,0.78,-19.410287,-15.140023860000001,0.007787,1.500251,../NUkRVxDdS06VkUvRt9HNJA/HZB_MMB_12_1_C-12.jv.txt,NUkRVxDdS06VkUvRt9HNJA,w,d,Forward,Light
167,0.756338,-22.0702,41.410788,6.912506,0.5,-13.825012,-6.912506,0.010453,0.157243,../NUkRVxDdS06VkUvRt9HNJA/HZB_MMB_12_1_C-12.jv.txt,NUkRVxDdS06VkUvRt9HNJA,w,e,Reverse,Light
168,0.74542,-22.074731,41.593473,6.844179,0.48,-14.258706,-6.844178879999999,0.010529,0.157193,../NUkRVxDdS06VkUvRt9HNJA/HZB_MMB_12_1_C-12.jv.txt,NUkRVxDdS06VkUvRt9HNJA,w,e,Forward,Light
169,1.033212,-22.193931,78.864834,18.084526,0.86,-21.028519,-18.08452634,0.004557,4.370376,../NUkRVxDdS06VkUvRt9HNJA/HZB_MMB_12_1_C-12.jv.txt,NUkRVxDdS06VkUvRt9HNJA,w,f,Reverse,Light
170,1.034253,-22.17775,76.449386,17.535513,0.86,-20.390131,-17.53551266,0.004795,4.554388,../NUkRVxDdS06VkUvRt9HNJA/HZB_MMB_12_1_C-12.jv.txt,NUkRVxDdS06VkUvRt9HNJA,w,f,Forward,Light
171,1.049211,-22.2701,77.415814,18.089009,0.86,-21.033731,-18.08900866,0.005166,5.32351,../NUkRVxDdS06VkUvRt9HNJA/HZB_MMB_12_1_C-14.jv.txt,NUkRVxDdS06VkUvRt9HNJA,w,a,Reverse,Light
172,1.047649,-22.255244,76.339538,17.799092,0.86,-20.696619,-17.799092339999998,0.005041,3.190921,../NUkRVxDdS06VkUvRt9HNJA/HZB_MMB_12_1_C-14.jv.txt,NUkRVxDdS06VkUvRt9HNJA,w,a,Forward,Light
173,0.398132,-29.97265,25.103999000000005,2.995681,0.2,-14.978406,-2.9956812,0.013285,0.017322,../NUkRVxDdS06VkUvRt9HNJA/HZB_MMB_12_1_C-14.jv.txt,NUkRVxDdS06VkUvRt9HNJA,w,b,Reverse,Light
174,0.397514,-29.996512,25.081212000000004,2.990695,0.2,-14.953475,-2.990695,0.013308,0.017266,../NUkRVxDdS06VkUvRt9HNJA/HZB_MMB_12_1_C-14.jv.txt,NUkRVxDdS06VkUvRt9HNJA,w,b,Forward,Light
175,1.042542,-21.621256,79.401493,17.897951,0.88,-20.338581,-17.89795128,0.00467,5.825495,../NUkRVxDdS06VkUvRt9HNJA/HZB_MMB_12_1_C-14.jv.txt,NUkRVxDdS06VkUvRt9HNJA,w,c,Reverse,Light
176,1.041947,-21.612281,76.918271,17.321106,0.88,-19.683075,-17.321106,0.004625,3.507536,../NUkRVxDdS06VkUvRt9HNJA/HZB_MMB_12_1_C-14.jv.txt,NUkRVxDdS06VkUvRt9HNJA,w,c,Forward,Light
177,1.032685,-21.392912,67.567436,14.927089,0.84,-17.770344,-14.92708896,0.005157,1.012002,../NUkRVxDdS06VkUvRt9HNJA/HZB_MMB_12_1_C-14.jv.txt,NUkRVxDdS06VkUvRt9HNJA,w,d,Reverse,Light
178,1.031839,-21.380581,65.573592,14.466399,0.82,-17.64195,-14.466399000000001,0.005206,0.843604,../NUkRVxDdS06VkUvRt9HNJA/HZB_MMB_12_1_C-14.jv.txt,NUkRVxDdS06VkUvRt9HNJA,w,d,Forward,Light
179,1.03988,-21.400744,80.042091,17.812729,0.88,-20.241737,-17.81272856,0.004578,8.992974,../NUkRVxDdS06VkUvRt9HNJA/HZB_MMB_12_1_C-14.jv.txt,NUkRVxDdS06VkUvRt9HNJA,w,e,Reverse,Light
180,1.039618,-21.392581,76.385463,16.988214,0.86,-19.753737,-16.988213820000002,0.004627,6.052146,../NUkRVxDdS06VkUvRt9HNJA/HZB_MMB_12_1_C-14.jv.txt,NUkRVxDdS06VkUvRt9HNJA,w,e,Forward,Light
181,1.042815,-21.062581,80.071727,17.587256,0.88,-19.985519,-17.58725672,0.004295,8.962091,../NUkRVxDdS06VkUvRt9HNJA/HZB_MMB_12_1_C-14.jv.txt,NUkRVxDdS06VkUvRt9HNJA,w,f,Reverse,Light
182,1.042645,-21.061944,78.081419,17.146783,0.88,-19.484981,-17.14678328,0.00425,11.968476,../NUkRVxDdS06VkUvRt9HNJA/HZB_MMB_12_1_C-14.jv.txt,NUkRVxDdS06VkUvRt9HNJA,w,f,Forward,Light
183,1.040858,-20.842,80.415622,17.445021,0.88,-19.823888,-17.44502144,0.004152,3.787676,../NUkRVxDdS06VkUvRt9HNJA/HZB_MMB_12_1_C-16.jv.txt,NUkRVxDdS06VkUvRt9HNJA,w,b,Reverse,Light
184,1.03857,-20.839006,76.253977,16.503464,0.86,-19.190075,-16.5034645,0.00458,7.147605,../NUkRVxDdS06VkUvRt9HNJA/HZB_MMB_12_1_C-16.jv.txt,NUkRVxDdS06VkUvRt9HNJA,w,b,Forward,Light
185,1.040268,-22.522906,78.829793,18.469709,0.88,-20.988306,-18.46970928,0.004275,7.511947,../NUkRVxDdS06VkUvRt9HNJA/HZB_MMB_12_1_C-16.jv.txt,NUkRVxDdS06VkUvRt9HNJA,w,c,Reverse,Light
186,1.037093,-22.507263,74.559854,17.403858,0.86,-20.237044,-17.40385784,0.00465,3.615236,../NUkRVxDdS06VkUvRt9HNJA/HZB_MMB_12_1_C-16.jv.txt,NUkRVxDdS06VkUvRt9HNJA,w,c,Forward,Light
187,1.042011,-22.836481,78.685388,18.72387,0.88,-21.277125,-18.72387,0.004157,3.78805,../NUkRVxDdS06VkUvRt9HNJA/HZB_MMB_12_1_C-16.jv.txt,NUkRVxDdS06VkUvRt9HNJA,w,d,Reverse,Light
188,1.040722,-22.827231,74.463749,17.690205,0.86,-20.570006,-17.690205159999998,0.004271,2.258027,../NUkRVxDdS06VkUvRt9HNJA/HZB_MMB_12_1_C-16.jv.txt,NUkRVxDdS06VkUvRt9HNJA,w,d,Forward,Light
189,1.037519,-22.529625,78.232937,18.286889,0.88,-20.780556,-18.28688928,0.004491,3.45377,../NUkRVxDdS06VkUvRt9HNJA/HZB_MMB_12_1_C-16.jv.txt,NUkRVxDdS06VkUvRt9HNJA,w,e,Reverse,Light
190,1.034517,-22.522206,73.366588,17.094131,0.84,-20.350156,-17.094131039999997,0.004651,2.5133,../NUkRVxDdS06VkUvRt9HNJA/HZB_MMB_12_1_C-16.jv.txt,NUkRVxDdS06VkUvRt9HNJA,w,e,Forward,Light
191,1.041837,-21.188844,81.643627,18.023091,0.9,-20.025656,-18.0230904,0.003681,31.758034,../NUkRVxDdS06VkUvRt9HNJA/HZB_MMB_12_1_C-16.jv.txt,NUkRVxDdS06VkUvRt9HNJA,w,f,Reverse,Light
192,0.36,-21.127413,94.739368,7.205752,0.34,-21.193388,-7.20575192,0.0,-4.307968,../NUkRVxDdS06VkUvRt9HNJA/HZB_MMB_12_1_C-16.jv.txt,NUkRVxDdS06VkUvRt9HNJA,w,f,Forward,Light
193,1.042779,-22.2696,76.353652,17.731048,0.88,-20.148919,-17.73104872,0.004481,0.922665,../NUkRVxDdS06VkUvRt9HNJA/HZB_MMB_12_1_C-17.jv.txt,NUkRVxDdS06VkUvRt9HNJA,w,a,Reverse,Light
194,1.042965,-22.268925,74.638718,17.335373,0.88,-19.699288,-17.335373439999998,0.004491,0.758953,../NUkRVxDdS06VkUvRt9HNJA/HZB_MMB_12_1_C-17.jv.txt,NUkRVxDdS06VkUvRt9HNJA,w,a,Forward,Light
195,1.042421,-22.442056,78.967633,18.473735,0.88,-20.992881,-18.47373528,0.004237,12.431782,../NUkRVxDdS06VkUvRt9HNJA/HZB_MMB_12_1_C-17.jv.txt,NUkRVxDdS06VkUvRt9HNJA,w,b,Reverse,Light
196,1.041757,-22.433894,75.02857,17.534674,0.86,-20.389156,-17.534674159999998,0.004337,2.866619,../NUkRVxDdS06VkUvRt9HNJA/HZB_MMB_12_1_C-17.jv.txt,NUkRVxDdS06VkUvRt9HNJA,w,b,Forward,Light
197,1.041324,-21.907712,79.991717,18.248532,0.88,-20.736969,-18.24853272,0.004096,6.015711,../NUkRVxDdS06VkUvRt9HNJA/HZB_MMB_12_1_C-17.jv.txt,NUkRVxDdS06VkUvRt9HNJA,w,c,Reverse,Light
198,1.041485,-21.905044,76.29126,17.404911,0.86,-20.238269,-17.404911339999998,0.00415,4.919743,../NUkRVxDdS06VkUvRt9HNJA/HZB_MMB_12_1_C-17.jv.txt,NUkRVxDdS06VkUvRt9HNJA,w,c,Forward,Light
199,0.120559,-14.626613,24.976781,0.440432,0.06,-7.340531,-0.44043186,0.008261,0.008221,../NUkRVxDdS06VkUvRt9HNJA/HZB_MMB_12_1_C-17.jv.txt,NUkRVxDdS06VkUvRt9HNJA,w,d,Reverse,Light
200,0.120374,-14.652169,24.9565,0.440169,0.06,-7.33615,-0.440169,0.008273,0.008206,../NUkRVxDdS06VkUvRt9HNJA/HZB_MMB_12_1_C-17.jv.txt,NUkRVxDdS06VkUvRt9HNJA,w,d,Forward,Light
201,0.054114,-12.560825,23.307059,0.158423,0.02,-7.92115,-0.158423,0.004313,0.004304,../NUkRVxDdS06VkUvRt9HNJA/HZB_MMB_12_1_C-17.jv.txt,NUkRVxDdS06VkUvRt9HNJA,w,e,Reverse,Light
202,0.054087,-12.589012,23.260314,0.15838,0.02,-7.919013,-0.15838026,0.00431,0.004301,../NUkRVxDdS06VkUvRt9HNJA/HZB_MMB_12_1_C-17.jv.txt,NUkRVxDdS06VkUvRt9HNJA,w,e,Forward,Light
203,1.038784,-22.280994,78.803104,18.239095,0.88,-20.726244,-18.23909472,0.00444,5.143415,../NUkRVxDdS06VkUvRt9HNJA/HZB_MMB_12_1_C-17.jv.txt,NUkRVxDdS06VkUvRt9HNJA,w,f,Reverse,Light
204,1.038038,-22.272756,75.123132,17.368447,0.86,-20.195869,-17.36844734,0.004608,4.196918,../NUkRVxDdS06VkUvRt9HNJA/HZB_MMB_12_1_C-17.jv.txt,NUkRVxDdS06VkUvRt9HNJA,w,f,Forward,Light
205,1.046303,-22.165837,79.487074,18.43479,0.88,-20.948625,-18.43479,0.004455,4.589145,../NUkRVxDdS06VkUvRt9HNJA/HZB_MMB_12_1_C-19.jv.txt,NUkRVxDdS06VkUvRt9HNJA,w,a,Reverse,Light
206,1.046694,-22.154431,78.191266,18.131701,0.88,-20.604206,-18.13170128,0.004476,3.659782,../NUkRVxDdS06VkUvRt9HNJA/HZB_MMB_12_1_C-19.jv.txt,NUkRVxDdS06VkUvRt9HNJA,w,a,Forward,Light
207,1.0337,-20.982456,71.741212,15.560351,0.86,-18.093431,-15.56035066,0.005214,0.445258,../NUkRVxDdS06VkUvRt9HNJA/HZB_MMB_12_1_C-19.jv.txt,NUkRVxDdS06VkUvRt9HNJA,w,b,Reverse,Light
208,0.48,-19.920725,101.39051399999998,9.694908,0.46,-21.075887,-9.694908020000002,0.0,-0.393099,../NUkRVxDdS06VkUvRt9HNJA/HZB_MMB_12_1_C-19.jv.txt,NUkRVxDdS06VkUvRt9HNJA,w,b,Forward,Light
209,1.043914,-22.881156,80.490095,19.225828,0.88,-21.847531,-19.22582728,0.00427,6.391174,../NUkRVxDdS06VkUvRt9HNJA/HZB_MMB_12_1_C-20.jv.txt,NUkRVxDdS06VkUvRt9HNJA,w,b,Reverse,Light
210,1.044723,-22.882569,79.55795800000001,19.019082,0.88,-21.612594,-19.01908272,0.004385,5.984638,../NUkRVxDdS06VkUvRt9HNJA/HZB_MMB_12_1_C-20.jv.txt,NUkRVxDdS06VkUvRt9HNJA,w,b,Forward,Light
211,1.040007,-22.142187,81.009096,18.654795,0.88,-21.198631,-18.65479528,0.003907,8.03948,../NUkRVxDdS06VkUvRt9HNJA/HZB_MMB_12_1_C-20.jv.txt,NUkRVxDdS06VkUvRt9HNJA,w,c,Reverse,Light
212,1.040966,-22.135912,79.72638,18.371144,0.88,-20.8763,-18.371144,0.003981,7.660957,../NUkRVxDdS06VkUvRt9HNJA/HZB_MMB_12_1_C-20.jv.txt,NUkRVxDdS06VkUvRt9HNJA,w,c,Forward,Light
213,1.039529,-23.078362,76.233346,18.288851,0.86,-21.266106,-18.28885116,0.005098,1.096512,../NUkRVxDdS06VkUvRt9HNJA/HZB_MMB_12_1_C-20.jv.txt,NUkRVxDdS06VkUvRt9HNJA,w,d,Reverse,Light
214,1.039891,-23.092544,73.861529,17.736914,0.86,-20.624319,-17.73691434,0.005491,0.902228,../NUkRVxDdS06VkUvRt9HNJA/HZB_MMB_12_1_C-20.jv.txt,NUkRVxDdS06VkUvRt9HNJA,w,d,Forward,Light
215,1.042911,-22.521181,81.220467,19.076728,0.88,-21.6781,-19.076728,0.003897,13.062494,../NUkRVxDdS06VkUvRt9HNJA/HZB_MMB_12_1_C-20.jv.txt,NUkRVxDdS06VkUvRt9HNJA,w,f,Reverse,Light
216,1.043719,-22.511875,80.242608,18.853868,0.88,-21.42485,-18.853868,0.003993,21.003282,../NUkRVxDdS06VkUvRt9HNJA/HZB_MMB_12_1_C-20.jv.txt,NUkRVxDdS06VkUvRt9HNJA,w,f,Forward,Light
217,1.053446,-22.7685,79.257615,19.01025,0.88,-21.602556,-19.01024928,0.00448,4.37614,../NUkRVxDdS06VkUvRt9HNJA/HZB_MMB_12_1_C-21.jv.txt,NUkRVxDdS06VkUvRt9HNJA,w,a,Reverse,Light
218,1.053513,-22.755744,76.18287800000002,18.263679,0.88,-20.754181,-18.263679279999998,0.004578,3.25992,../NUkRVxDdS06VkUvRt9HNJA/HZB_MMB_12_1_C-21.jv.txt,NUkRVxDdS06VkUvRt9HNJA,w,a,Forward,Light
219,1.043358,-22.965081,78.110206,18.715834,0.88,-21.267994,-18.71583472,0.004547,8.454159,../NUkRVxDdS06VkUvRt9HNJA/HZB_MMB_12_1_C-21.jv.txt,NUkRVxDdS06VkUvRt9HNJA,w,b,Reverse,Light
220,1.04201,-22.963812,73.436269,17.572217,0.84,-20.919306,-17.572217039999998,0.00473,3.672081,../NUkRVxDdS06VkUvRt9HNJA/HZB_MMB_12_1_C-21.jv.txt,NUkRVxDdS06VkUvRt9HNJA,w,b,Forward,Light
221,1.053272,-21.9986,79.70304,18.467608,0.88,-20.985919,-18.467608719999998,0.004671,4.707201,../NUkRVxDdS06VkUvRt9HNJA/HZB_MMB_12_1_C-21.jv.txt,NUkRVxDdS06VkUvRt9HNJA,w,c,Reverse,Light
222,1.053411,-21.999931,76.991625,17.842792,0.88,-20.2759,-17.842792,0.004728,5.585106,../NUkRVxDdS06VkUvRt9HNJA/HZB_MMB_12_1_C-21.jv.txt,NUkRVxDdS06VkUvRt9HNJA,w,c,Forward,Light
223,1.044894,-22.954406,78.261039,18.770856,0.88,-21.330519,-18.770856719999998,0.004735,3.329906,../NUkRVxDdS06VkUvRt9HNJA/HZB_MMB_12_1_C-21.jv.txt,NUkRVxDdS06VkUvRt9HNJA,w,d,Reverse,Light
224,1.043932,-22.953019,74.766086,17.914993,0.86,-20.831388,-17.91499368,0.004817,6.355511,../NUkRVxDdS06VkUvRt9HNJA/HZB_MMB_12_1_C-21.jv.txt,NUkRVxDdS06VkUvRt9HNJA,w,d,Forward,Light
225,1.048506,-22.229987,72.686526,16.941973,0.86,-19.699969,-16.94197334,0.005175,0.665803,../NUkRVxDdS06VkUvRt9HNJA/HZB_MMB_12_1_C-21.jv.txt,NUkRVxDdS06VkUvRt9HNJA,w,e,Reverse,Light
226,1.050998,-22.224031,70.8765,16.554919,0.86,-19.249906,-16.55491916,0.005648,0.615314,../NUkRVxDdS06VkUvRt9HNJA/HZB_MMB_12_1_C-21.jv.txt,NUkRVxDdS06VkUvRt9HNJA,w,e,Forward,Light
227,1.043856,-22.54025,79.209351,18.636992,0.88,-21.1784,-18.636992,0.004265,3.985588,../NUkRVxDdS06VkUvRt9HNJA/HZB_MMB_12_1_C-21.jv.txt,NUkRVxDdS06VkUvRt9HNJA,w,f,Reverse,Light
228,1.042561,-22.546906,74.683327,17.555454,0.86,-20.413319,-17.55545434,0.004421,3.198629,../NUkRVxDdS06VkUvRt9HNJA/HZB_MMB_12_1_C-21.jv.txt,NUkRVxDdS06VkUvRt9HNJA,w,f,Forward,Light
229,1.026648,-21.992413,66.017675,14.905775,0.76,-19.612862,-14.90577512,0.009388,10.099568,../NUkRVxDdS06VkUvRt9HNJA/HZB_MMB_12_1_C-22.jv.txt,NUkRVxDdS06VkUvRt9HNJA,w,a,Reverse,Light
230,1.01528,-21.988162,64.050951,14.29883,0.74,-19.322744,-14.29883056,0.011328,3.85509,../NUkRVxDdS06VkUvRt9HNJA/HZB_MMB_12_1_C-22.jv.txt,NUkRVxDdS06VkUvRt9HNJA,w,a,Forward,Light
231,0.07956,-14.489781,25.00152,0.288221,0.04,-7.205525,-0.288221,0.005467,0.005487,../NUkRVxDdS06VkUvRt9HNJA/HZB_MMB_12_1_C-22.jv.txt,NUkRVxDdS06VkUvRt9HNJA,w,b,Reverse,Light
232,0.079564,-14.509987,24.952178,0.288067,0.04,-7.201675,-0.288067,0.005494,0.005485,../NUkRVxDdS06VkUvRt9HNJA/HZB_MMB_12_1_C-22.jv.txt,NUkRVxDdS06VkUvRt9HNJA,w,b,Forward,Light
233,1.04329,-21.422362,79.341905,17.732698,0.88,-20.150794,-17.732698720000002,0.004168,8.124773,../NUkRVxDdS06VkUvRt9HNJA/HZB_MMB_12_1_C-22.jv.txt,NUkRVxDdS06VkUvRt9HNJA,w,c,Reverse,Light
234,1.042859,-21.440987,77.681301,17.369479,0.86,-20.197069,-17.369479339999998,0.004311,7.813953,../NUkRVxDdS06VkUvRt9HNJA/HZB_MMB_12_1_C-22.jv.txt,NUkRVxDdS06VkUvRt9HNJA,w,c,Forward,Light
235,0.238046,-19.416844,26.378287,1.219232,0.12,-10.160269,-1.21923228,0.011073,0.013213,../NUkRVxDdS06VkUvRt9HNJA/HZB_MMB_12_1_C-22.jv.txt,NUkRVxDdS06VkUvRt9HNJA,w,d,Reverse,Light
236,0.237633,-19.424106,26.415426000000004,1.219283,0.12,-10.160694,-1.21928328,0.01112,0.013189,../NUkRVxDdS06VkUvRt9HNJA/HZB_MMB_12_1_C-22.jv.txt,NUkRVxDdS06VkUvRt9HNJA,w,d,Forward,Light
237,0.020896,-5.692662,4.104829,0.004883,0.02,-0.244146,-0.00488292,0.003671,0.003669,../NUkRVxDdS06VkUvRt9HNJA/HZB_MMB_12_1_C-22.jv.txt,NUkRVxDdS06VkUvRt9HNJA,w,e,Reverse,Light
238,0.020888,-5.729606,4.041097,0.004836,0.02,-0.241814,-0.00483628,0.00367,0.003668,../NUkRVxDdS06VkUvRt9HNJA/HZB_MMB_12_1_C-22.jv.txt,NUkRVxDdS06VkUvRt9HNJA,w,e,Forward,Light
239,-0.04,-0.0,0.0,0.0,-0.04,-0.0,0.0,0.0,0.0,../NUkRVxDdS06VkUvRt9HNJA/HZB_MMB_12_1_C-22.jv.txt,NUkRVxDdS06VkUvRt9HNJA,w,f,Reverse,Light
240,1.02491,-22.648231,69.275986,16.080615,0.82,-19.610506,-16.08061492,0.005638,1.482249,../NUkRVxDdS06VkUvRt9HNJA/HZB_MMB_12_1_C-32.jv.txt,NUkRVxDdS06VkUvRt9HNJA,w,b,Reverse,Light
241,1.023096,-22.646113,65.874799,15.26263,0.8,-19.078287,-15.2626296,0.006323,1.345783,../NUkRVxDdS06VkUvRt9HNJA/HZB_MMB_12_1_C-32.jv.txt,NUkRVxDdS06VkUvRt9HNJA,w,b,Forward,Light
242,1.03534,-22.701263,73.994315,17.391276,0.84,-20.7039,-17.391276,0.0057,2.109857,../NUkRVxDdS06VkUvRt9HNJA/HZB_MMB_12_1_C-32.jv.txt,NUkRVxDdS06VkUvRt9HNJA,w,d,Reverse,Light
243,1.035863,-22.707712,69.899895,16.44191,0.8,-20.552387,-16.4419096,0.006666,1.89722,../NUkRVxDdS06VkUvRt9HNJA/HZB_MMB_12_1_C-32.jv.txt,NUkRVxDdS06VkUvRt9HNJA,w,d,Forward,Light
244,1.00391,-22.342144,55.381707000000006,12.421845,0.8,-15.527306,-12.4218448,0.006969,0.281255,../NUkRVxDdS06VkUvRt9HNJA/HZB_MMB_12_1_C-32.jv.txt,NUkRVxDdS06VkUvRt9HNJA,w,e,Reverse,Light
245,0.997569,-22.329381,54.246257,12.083404,0.78,-15.491544,-12.08340432,0.008157,0.260094,../NUkRVxDdS06VkUvRt9HNJA/HZB_MMB_12_1_C-32.jv.txt,NUkRVxDdS06VkUvRt9HNJA,w,e,Forward,Light
246,0.783876,-22.013794,48.049924,8.291538,0.54,-15.3547,-8.291538000000001,0.011352,0.16185,../NUkRVxDdS06VkUvRt9HNJA/HZB_MMB_12_1_C-32.jv.txt,NUkRVxDdS06VkUvRt9HNJA,w,f,Reverse,Light
247,0.772232,-22.004225,47.372691,8.049736,0.54,-14.906919,-8.049736260000001,0.01155,0.156028,../NUkRVxDdS06VkUvRt9HNJA/HZB_MMB_12_1_C-32.jv.txt,NUkRVxDdS06VkUvRt9HNJA,w,f,Forward,Light
248,1.063067,-22.317887,78.870158,18.71227,0.88,-21.263944,-18.71227072,0.004264,4.851373,../SpiRNIJ-RSmBslrJdDMzug/HZB_MMB_12_12_C-1.jv.txt,SpiRNIJ-RSmBslrJdDMzug,w,a,Reverse,Light
249,1.060963,-22.306581,77.406958,18.319488,0.88,-20.8176,-18.319488,0.004414,4.588675,../SpiRNIJ-RSmBslrJdDMzug/HZB_MMB_12_12_C-1.jv.txt,SpiRNIJ-RSmBslrJdDMzug,w,a,Forward,Light
250,0.913109,-21.434169,47.507185,9.29798,0.68,-13.6735,-9.29798,0.008105,0.097276,../SpiRNIJ-RSmBslrJdDMzug/HZB_MMB_12_12_C-1.jv.txt,SpiRNIJ-RSmBslrJdDMzug,w,b,Reverse,Light
251,0.903135,-21.431738,47.345656,9.164108,0.66,-13.885012,-9.164107920000001,0.008015,0.096122,../SpiRNIJ-RSmBslrJdDMzug/HZB_MMB_12_12_C-1.jv.txt,SpiRNIJ-RSmBslrJdDMzug,w,b,Forward,Light
252,1.052608,-21.653194,79.374081,18.091198,0.9,-20.101331,-18.091197899999997,0.003932,8.498261,../SpiRNIJ-RSmBslrJdDMzug/HZB_MMB_12_12_C-1.jv.txt,SpiRNIJ-RSmBslrJdDMzug,w,c,Reverse,Light
253,1.051384,-21.659056,77.83357,17.724245,0.88,-20.141187,-17.72424456,0.003958,13.563427,../SpiRNIJ-RSmBslrJdDMzug/HZB_MMB_12_12_C-1.jv.txt,SpiRNIJ-RSmBslrJdDMzug,w,c,Forward,Light
254,0.06554,-11.469837,23.802893000000005,0.178934,0.04,-4.473344,-0.17893376,0.005728,0.005712,../SpiRNIJ-RSmBslrJdDMzug/HZB_MMB_12_12_C-1.jv.txt,SpiRNIJ-RSmBslrJdDMzug,w,d,Reverse,Light
255,0.065558,-11.481275,23.751546,0.178774,0.04,-4.469355,-0.17877420000000002,0.005713,0.005712,../SpiRNIJ-RSmBslrJdDMzug/HZB_MMB_12_12_C-1.jv.txt,SpiRNIJ-RSmBslrJdDMzug,w,d,Forward,Light
256,0.094273,-12.944531,24.376990000000003,0.297476,0.04,-7.436894,-0.29747576,0.007324,0.007265,../SpiRNIJ-RSmBslrJdDMzug/HZB_MMB_12_12_C-1.jv.txt,SpiRNIJ-RSmBslrJdDMzug,w,e,Reverse,Light
257,0.0941,-12.958881,24.397070000000003,0.297507,0.04,-7.437663,-0.29750652,0.007261,0.007254,../SpiRNIJ-RSmBslrJdDMzug/HZB_MMB_12_12_C-1.jv.txt,SpiRNIJ-RSmBslrJdDMzug,w,e,Forward,Light
258,1.046029,-21.666256,76.397268,17.314313,0.88,-19.675356,-17.31431328,0.003714,5.512828,../SpiRNIJ-RSmBslrJdDMzug/HZB_MMB_12_12_C-1.jv.txt,SpiRNIJ-RSmBslrJdDMzug,w,f,Reverse,Light
259,1.045021,-21.665825,75.000613,16.981076,0.86,-19.745438,-16.98107668,0.003818,20.853375,../SpiRNIJ-RSmBslrJdDMzug/HZB_MMB_12_12_C-1.jv.txt,SpiRNIJ-RSmBslrJdDMzug,w,f,Forward,Light
260,1.066662,-22.058988,79.274342,18.652837,0.88,-21.196406,-18.65283728,0.004444,16.442378,../SpiRNIJ-RSmBslrJdDMzug/HZB_MMB_12_12_C-2.jv.txt,SpiRNIJ-RSmBslrJdDMzug,w,a,Reverse,Light
261,1.063259,-22.070081,78.141819,18.336928,0.88,-20.837419,-18.33692872,0.004618,9.299107,../SpiRNIJ-RSmBslrJdDMzug/HZB_MMB_12_12_C-2.jv.txt,SpiRNIJ-RSmBslrJdDMzug,w,a,Forward,Light
262,1.067377,-21.772475,80.143219,18.624836,0.9,-20.694262,-18.6248358,0.004526,8.349641,../SpiRNIJ-RSmBslrJdDMzug/HZB_MMB_12_12_C-2.jv.txt,SpiRNIJ-RSmBslrJdDMzug,w,b,Reverse,Light
263,1.066037,-21.781325,79.565214,18.474801,0.9,-20.527556,-18.4748004,0.004577,3.247279,../SpiRNIJ-RSmBslrJdDMzug/HZB_MMB_12_12_C-2.jv.txt,SpiRNIJ-RSmBslrJdDMzug,w,b,Forward,Light
264,0.859602,-21.742381,70.173568,13.115289,0.66,-19.87165,-13.115289,0.005704,36.008038,../SpiRNIJ-RSmBslrJdDMzug/HZB_MMB_12_12_C-2.jv.txt,SpiRNIJ-RSmBslrJdDMzug,w,c,Reverse,Light
265,0.853419,-21.744,69.36266,12.871456,0.66,-19.502206,-12.87145596,0.005622,17.567479,../SpiRNIJ-RSmBslrJdDMzug/HZB_MMB_12_12_C-2.jv.txt,SpiRNIJ-RSmBslrJdDMzug,w,c,Forward,Light
266,1.058216,-22.038975,74.247728,17.316057,0.88,-19.677338,-17.316057439999998,0.00523,0.593741,../SpiRNIJ-RSmBslrJdDMzug/HZB_MMB_12_12_C-2.jv.txt,SpiRNIJ-RSmBslrJdDMzug,w,d,Reverse,Light
267,1.055746,-22.037881,72.624034,16.897,0.86,-19.647675,-16.8970005,0.005501,0.610837,../SpiRNIJ-RSmBslrJdDMzug/HZB_MMB_12_12_C-2.jv.txt,SpiRNIJ-RSmBslrJdDMzug,w,d,Forward,Light
268,0.820281,-21.514219,70.448251,12.432496,0.64,-19.425775,-12.432496,0.004896,-61.538462,../SpiRNIJ-RSmBslrJdDMzug/HZB_MMB_12_12_C-2.jv.txt,SpiRNIJ-RSmBslrJdDMzug,w,e,Reverse,Light
269,0.816053,-21.516513,69.854835,12.265537,0.62,-19.783125,-12.265537499999999,0.005371,-14.364346,../SpiRNIJ-RSmBslrJdDMzug/HZB_MMB_12_12_C-2.jv.txt,SpiRNIJ-RSmBslrJdDMzug,w,e,Forward,Light
270,1.060877,-21.960231,80.090269,18.658721,0.9,-20.731912,-18.6587208,0.004211,19.138483,../SpiRNIJ-RSmBslrJdDMzug/HZB_MMB_12_12_C-2.jv.txt,SpiRNIJ-RSmBslrJdDMzug,w,f,Reverse,Light
271,1.060566,-21.957475,79.372669,18.483795,0.88,-21.004313,-18.48379544,0.004273,30.023456,../SpiRNIJ-RSmBslrJdDMzug/HZB_MMB_12_12_C-2.jv.txt,SpiRNIJ-RSmBslrJdDMzug,w,f,Forward,Light
272,1.18977746,-21.3624125,77.79478626,19.772725,1.0,-19.772725,-19.772725,5.7048503,1571.57690904,../SpiRNIJ-RSmBslrJdDMzug/HZB_MMB_12_12_C-2.JV_20-2.jv.txt,SpiRNIJ-RSmBslrJdDMzug,w,a,Forward,Light
273,1.18999711,-21.281225,77.90321603,19.728675,1.0,-19.728675,-19.728675,5.69678316,3871.50297276,../SpiRNIJ-RSmBslrJdDMzug/HZB_MMB_12_12_C-2.JV_20-2.jv.txt,SpiRNIJ-RSmBslrJdDMzug,w,a,Reverse,Light
274,1.15928475,-18.91404375,75.04905819,16.45582875,0.95,-17.321925,-16.45582875,5.79771987,626.60556019,../SpiRNIJ-RSmBslrJdDMzug/HZB_MMB_12_12_C-2.JV_20-2.jv.txt,SpiRNIJ-RSmBslrJdDMzug,w,c,Forward,Light
275,1.15985022,-19.15445625,73.36786389,16.299625,0.95,-17.1575,-16.299625,5.78413493,1511.85183852,../SpiRNIJ-RSmBslrJdDMzug/HZB_MMB_12_12_C-2.JV_20-2.jv.txt,SpiRNIJ-RSmBslrJdDMzug,w,c,Reverse,Light
276,1.05029,-22.697756,72.087634,17.18513,0.8,-21.481413,-17.185130400000002,0.008544,9.05874,../SpiRNIJ-RSmBslrJdDMzug/HZB_MMB_12_12_C-3.jv.txt,SpiRNIJ-RSmBslrJdDMzug,w,a,Reverse,Light
277,1.045913,-22.701438,71.831305,17.055426,0.82,-20.7993,-17.055425999999997,0.007694,5.732932,../SpiRNIJ-RSmBslrJdDMzug/HZB_MMB_12_12_C-3.jv.txt,SpiRNIJ-RSmBslrJdDMzug,w,a,Forward,Light
278,1.038287,-22.240488,77.036456,17.789268,0.84,-21.1777,-17.789268,0.005727,5.948614,../SpiRNIJ-RSmBslrJdDMzug/HZB_MMB_12_12_C-3.jv.txt,SpiRNIJ-RSmBslrJdDMzug,w,b,Reverse,Light
279,1.036421,-22.237719,75.517685,17.405036,0.84,-20.720281,-17.40503604,0.00553,5.417498,../SpiRNIJ-RSmBslrJdDMzug/HZB_MMB_12_12_C-3.jv.txt,SpiRNIJ-RSmBslrJdDMzug,w,b,Forward,Light
280,1.037808,-22.6353,75.492926,17.734122,0.84,-21.11205,-17.734122,0.005968,2.46841,../SpiRNIJ-RSmBslrJdDMzug/HZB_MMB_12_12_C-3.jv.txt,SpiRNIJ-RSmBslrJdDMzug,w,c,Reverse,Light
281,1.036401,-22.630888,73.998956,17.356216,0.84,-20.662163,-17.356216919999998,0.005907,2.445927,../SpiRNIJ-RSmBslrJdDMzug/HZB_MMB_12_12_C-3.jv.txt,SpiRNIJ-RSmBslrJdDMzug,w,c,Forward,Light
282,1.030854,-22.713788,76.538401,17.921153,0.84,-21.334706,-17.92115304,0.00521,2.045382,../SpiRNIJ-RSmBslrJdDMzug/HZB_MMB_12_12_C-3.jv.txt,SpiRNIJ-RSmBslrJdDMzug,w,d,Reverse,Light
283,1.030043,-22.716037,74.637073,17.463952,0.84,-20.790419,-17.46395196,0.005156,1.792765,../SpiRNIJ-RSmBslrJdDMzug/HZB_MMB_12_12_C-3.jv.txt,SpiRNIJ-RSmBslrJdDMzug,w,d,Forward,Light
284,1.031578,-23.3637,77.255385,18.619692,0.84,-22.1663,-18.619692,0.00522,5.784377,../SpiRNIJ-RSmBslrJdDMzug/HZB_MMB_12_12_C-3.jv.txt,SpiRNIJ-RSmBslrJdDMzug,w,e,Reverse,Light
285,1.030958,-23.351881,75.026201,18.06241,0.84,-21.502869,-18.06240996,0.005238,5.676994,../SpiRNIJ-RSmBslrJdDMzug/HZB_MMB_12_12_C-3.jv.txt,SpiRNIJ-RSmBslrJdDMzug,w,e,Forward,Light
286,1.027235,-22.777863,77.470761,18.126785,0.84,-21.579506,-18.126785039999998,0.005104,7.609126,../SpiRNIJ-RSmBslrJdDMzug/HZB_MMB_12_12_C-3.jv.txt,SpiRNIJ-RSmBslrJdDMzug,w,f,Reverse,Light
287,1.026778,-22.772125,75.204135,17.584166,0.84,-20.933531,-17.58416604,0.0051,6.328279,../SpiRNIJ-RSmBslrJdDMzug/HZB_MMB_12_12_C-3.jv.txt,SpiRNIJ-RSmBslrJdDMzug,w,f,Forward,Light
288,0.045158,-6.970631,24.626873,0.077521,0.02,-3.876061,-0.07752122,0.006503,0.006487,../SpiRNIJ-RSmBslrJdDMzug/HZB_MMB_12_12_C-4.jv.txt,SpiRNIJ-RSmBslrJdDMzug,w,a,Reverse,Light
289,0.045137,-6.978887,24.649278,0.077647,0.02,-3.882364,-0.07764728,0.00652,0.006483,../SpiRNIJ-RSmBslrJdDMzug/HZB_MMB_12_12_C-4.jv.txt,SpiRNIJ-RSmBslrJdDMzug,w,a,Forward,Light
290,1.072412,-18.694944,70.974834,14.229517,0.86,-16.54595,-14.229517000000001,0.007482,1.496401,../SpiRNIJ-RSmBslrJdDMzug/HZB_MMB_12_12_C-4.jv.txt,SpiRNIJ-RSmBslrJdDMzug,w,b,Reverse,Light
291,1.071521,-18.666106,67.599204,13.520598,0.84,-16.09595,-13.520597999999998,0.008321,0.836586,../SpiRNIJ-RSmBslrJdDMzug/HZB_MMB_12_12_C-4.jv.txt,SpiRNIJ-RSmBslrJdDMzug,w,b,Forward,Light
292,1.064031,-22.156925,75.941317,17.903668,0.86,-20.818219,-17.90366834,0.005724,21.032864,../SpiRNIJ-RSmBslrJdDMzug/HZB_MMB_12_12_C-4.jv.txt,SpiRNIJ-RSmBslrJdDMzug,w,c,Reverse,Light
293,1.070939,-22.160337,74.134316,17.593826,0.84,-20.945031,-17.59382604,0.006099,4.923077,../SpiRNIJ-RSmBslrJdDMzug/HZB_MMB_12_12_C-4.jv.txt,SpiRNIJ-RSmBslrJdDMzug,w,c,Forward,Light
294,1.071364,-19.131,74.413632,15.252014,0.86,-17.7349,-15.252013999999999,0.007174,2.459376,../SpiRNIJ-RSmBslrJdDMzug/HZB_MMB_12_12_C-4.jv.txt,SpiRNIJ-RSmBslrJdDMzug,w,d,Reverse,Light
295,1.076926,-19.174087,70.967126,14.654057,0.84,-17.445306,-14.654057039999998,0.00807,2.033406,../SpiRNIJ-RSmBslrJdDMzug/HZB_MMB_12_12_C-4.jv.txt,SpiRNIJ-RSmBslrJdDMzug,w,d,Forward,Light
296,1.061892,-22.220956,75.967636,17.925523,0.86,-20.843631,-17.92552266,0.005158,2.703681,../SpiRNIJ-RSmBslrJdDMzug/HZB_MMB_12_12_C-4.jv.txt,SpiRNIJ-RSmBslrJdDMzug,w,e,Reverse,Light
297,1.070737,-22.2488,73.663907,17.548665,0.86,-20.405425,-17.548665500000002,0.005661,4.164924,../SpiRNIJ-RSmBslrJdDMzug/HZB_MMB_12_12_C-4.jv.txt,SpiRNIJ-RSmBslrJdDMzug,w,e,Forward,Light
298,1.06553,-18.222569,76.278245,14.810713,0.88,-16.830356,-14.810713279999998,0.006733,4.272567,../SpiRNIJ-RSmBslrJdDMzug/HZB_MMB_12_12_C-4.jv.txt,SpiRNIJ-RSmBslrJdDMzug,w,f,Reverse,Light
299,1.073037,-18.197631,73.90528,14.431284,0.86,-16.780563,-14.43128418,0.007259,3.44748,../SpiRNIJ-RSmBslrJdDMzug/HZB_MMB_12_12_C-4.jv.txt,SpiRNIJ-RSmBslrJdDMzug,w,f,Forward,Light
300,0.85646,-22.195894,51.246990999999994,9.742002,0.62,-15.712906,-9.74200172,0.011415,0.177632,../SpiRNIJ-RSmBslrJdDMzug/HZB_MMB_12_12_C-5.jv.txt,SpiRNIJ-RSmBslrJdDMzug,w,a,Reverse,Light
301,0.824592,-22.17975,50.181503000000006,9.177815,0.58,-15.823819,-9.177815019999999,0.012939,0.177114,../SpiRNIJ-RSmBslrJdDMzug/HZB_MMB_12_12_C-5.jv.txt,SpiRNIJ-RSmBslrJdDMzug,w,a,Forward,Light
302,0.129457,-15.146888,25.622375,0.50242,0.06,-8.373669,-0.5024201399999999,0.007978,0.008755,../SpiRNIJ-RSmBslrJdDMzug/HZB_MMB_12_12_C-5.jv.txt,SpiRNIJ-RSmBslrJdDMzug,w,b,Reverse,Light
303,0.12917,-15.144175,25.545424999999998,0.499712,0.06,-8.328531,-0.49971185999999995,0.007966,0.008727,../SpiRNIJ-RSmBslrJdDMzug/HZB_MMB_12_12_C-5.jv.txt,SpiRNIJ-RSmBslrJdDMzug,w,b,Forward,Light
304,1.018127,-22.294988,78.288542,17.770819,0.84,-21.155738,-17.770819919999997,0.004898,4.4188,../SpiRNIJ-RSmBslrJdDMzug/HZB_MMB_12_12_C-5.jv.txt,SpiRNIJ-RSmBslrJdDMzug,w,c,Reverse,Light
305,1.019623,-22.289125,73.896418,16.794072,0.82,-20.480575,-16.7940715,0.005882,9.341118,../SpiRNIJ-RSmBslrJdDMzug/HZB_MMB_12_12_C-5.jv.txt,SpiRNIJ-RSmBslrJdDMzug,w,c,Forward,Light
306,1.018841,-22.868394,74.977145,17.469111,0.82,-21.303794,-17.469111079999998,0.005928,4.38936,../SpiRNIJ-RSmBslrJdDMzug/HZB_MMB_12_12_C-5.jv.txt,SpiRNIJ-RSmBslrJdDMzug,w,d,Reverse,Light
307,1.020261,-22.843494,69.189519,16.12554,0.78,-20.673769,-16.12553982,0.007854,3.229062,../SpiRNIJ-RSmBslrJdDMzug/HZB_MMB_12_12_C-5.jv.txt,SpiRNIJ-RSmBslrJdDMzug,w,d,Forward,Light
308,0.88225,-22.5135,56.006049000000004,11.124216,0.64,-17.381587,-11.12421568,0.012498,0.215772,../SpiRNIJ-RSmBslrJdDMzug/HZB_MMB_12_12_C-5.jv.txt,SpiRNIJ-RSmBslrJdDMzug,w,e,Reverse,Light
309,0.865548,-22.516819,54.161761,10.5558,0.6,-17.593,-10.5558,0.013557,0.223298,../SpiRNIJ-RSmBslrJdDMzug/HZB_MMB_12_12_C-5.jv.txt,SpiRNIJ-RSmBslrJdDMzug,w,e,Forward,Light
310,1.004981,-22.5847,66.181328,15.0213,0.8,-18.776625,-15.0213,0.006201,0.249467,../SpiRNIJ-RSmBslrJdDMzug/HZB_MMB_12_12_C-5.jv.txt,SpiRNIJ-RSmBslrJdDMzug,w,f,Reverse,Light
311,0.990708,-22.6027,61.20943,13.706424,0.76,-18.034769,-13.706424440000001,0.009323,0.229061,../SpiRNIJ-RSmBslrJdDMzug/HZB_MMB_12_12_C-5.jv.txt,SpiRNIJ-RSmBslrJdDMzug,w,f,Forward,Light
312,1.095223,-22.774706,79.493187,19.828288,0.92,-21.552488,-19.828288960000002,0.004608,16.270202,../SpiRNIJ-RSmBslrJdDMzug/HZB_MMB_12_12_C-6.jv.txt,SpiRNIJ-RSmBslrJdDMzug,w,a,Reverse,Light
313,1.091967,-22.782788,78.481649,19.524707,0.9,-21.694119,-19.5247071,0.004656,3.304322,../SpiRNIJ-RSmBslrJdDMzug/HZB_MMB_12_12_C-6.jv.txt,SpiRNIJ-RSmBslrJdDMzug,w,a,Forward,Light
314,1.091896,-22.901369,80.100073,20.029745,0.92,-21.771462,-20.02974504,0.003936,5.356929,../SpiRNIJ-RSmBslrJdDMzug/HZB_MMB_12_12_C-6.jv.txt,SpiRNIJ-RSmBslrJdDMzug,w,b,Reverse,Light
315,1.09077,-22.895325,79.352228,19.817053,0.92,-21.540275,-19.817053,0.004031,4.54338,../SpiRNIJ-RSmBslrJdDMzug/HZB_MMB_12_12_C-6.jv.txt,SpiRNIJ-RSmBslrJdDMzug,w,b,Forward,Light
316,1.087853,-21.938112,78.595677,18.757201,0.92,-20.388262,-18.75720104,0.004407,3.82628,../SpiRNIJ-RSmBslrJdDMzug/HZB_MMB_12_12_C-6.jv.txt,SpiRNIJ-RSmBslrJdDMzug,w,c,Reverse,Light
317,1.086355,-21.927181,77.752548,18.521196,0.9,-20.579106,-18.5211954,0.00455,4.157387,../SpiRNIJ-RSmBslrJdDMzug/HZB_MMB_12_12_C-6.jv.txt,SpiRNIJ-RSmBslrJdDMzug,w,c,Forward,Light
318,1.08691,-22.741925,79.07323,19.545664,0.92,-21.245287,-19.545664040000002,0.004124,3.471926,../SpiRNIJ-RSmBslrJdDMzug/HZB_MMB_12_12_C-6.jv.txt,SpiRNIJ-RSmBslrJdDMzug,w,d,Reverse,Light
319,1.087747,-22.732413,78.606319,19.437076,0.92,-21.127256,-19.43707552,0.004227,3.784583,../SpiRNIJ-RSmBslrJdDMzug/HZB_MMB_12_12_C-6.jv.txt,SpiRNIJ-RSmBslrJdDMzug,w,d,Forward,Light
320,1.087694,-22.242481,79.5979,19.257124,0.92,-20.931656,-19.25712352,0.004187,5.918489,../SpiRNIJ-RSmBslrJdDMzug/HZB_MMB_12_12_C-6.jv.txt,SpiRNIJ-RSmBslrJdDMzug,w,e,Reverse,Light
321,1.089311,-22.247756,79.225255,19.200015,0.92,-20.869581,-19.20001452,0.00425,4.932291,../SpiRNIJ-RSmBslrJdDMzug/HZB_MMB_12_12_C-6.jv.txt,SpiRNIJ-RSmBslrJdDMzug,w,e,Forward,Light
322,1.086792,-22.285994,78.746947,19.072704,0.92,-20.7312,-19.072704,0.004254,6.52443,../SpiRNIJ-RSmBslrJdDMzug/HZB_MMB_12_12_C-6.jv.txt,SpiRNIJ-RSmBslrJdDMzug,w,f,Reverse,Light
323,1.088642,-22.291675,78.560838,19.064867,0.92,-20.722681,-19.064866520000002,0.004352,3.019377,../SpiRNIJ-RSmBslrJdDMzug/HZB_MMB_12_12_C-6.jv.txt,SpiRNIJ-RSmBslrJdDMzug,w,f,Forward,Light
324,1.093206,-21.624956,73.15614,17.294502,0.88,-19.652844,-17.29450272,0.006327,1.278502,../SpiRNIJ-RSmBslrJdDMzug/HZB_MMB_12_12_C-7.jv.txt,SpiRNIJ-RSmBslrJdDMzug,w,a,Reverse,Light
325,1.088766,-21.601019,72.638409,17.083434,0.88,-19.412994,-17.08343472,0.0065,1.506971,../SpiRNIJ-RSmBslrJdDMzug/HZB_MMB_12_12_C-7.jv.txt,SpiRNIJ-RSmBslrJdDMzug,w,a,Forward,Light
326,1.097455,-22.314625,79.858236,19.556722,0.92,-21.257306,-19.55672152,0.004493,2.317401,../SpiRNIJ-RSmBslrJdDMzug/HZB_MMB_12_12_C-7.jv.txt,SpiRNIJ-RSmBslrJdDMzug,w,b,Reverse,Light
327,1.095967,-22.326937,79.604878,19.478987,0.92,-21.172812,-19.47898704,0.004467,14.388951,../SpiRNIJ-RSmBslrJdDMzug/HZB_MMB_12_12_C-7.jv.txt,SpiRNIJ-RSmBslrJdDMzug,w,b,Forward,Light
328,1.088566,-21.400125,77.920457,18.151928,0.92,-19.730356,-18.15192752,0.004291,1.368461,../SpiRNIJ-RSmBslrJdDMzug/HZB_MMB_12_12_C-7.jv.txt,SpiRNIJ-RSmBslrJdDMzug,w,c,Reverse,Light
329,1.088681,-21.428131,77.330975,18.040079,0.92,-19.608781,-18.04007852,0.004391,1.908779,../SpiRNIJ-RSmBslrJdDMzug/HZB_MMB_12_12_C-7.jv.txt,SpiRNIJ-RSmBslrJdDMzug,w,c,Forward,Light
330,1.088932,-22.520375,77.217463,18.936152,0.9,-21.040169,-18.9361521,0.004497,1.407521,../SpiRNIJ-RSmBslrJdDMzug/HZB_MMB_12_12_C-7.jv.txt,SpiRNIJ-RSmBslrJdDMzug,w,d,Reverse,Light
331,1.088939,-22.540762,76.789464,18.848368,0.92,-20.487356,-18.84836752,0.004598,4.051915,../SpiRNIJ-RSmBslrJdDMzug/HZB_MMB_12_12_C-7.jv.txt,SpiRNIJ-RSmBslrJdDMzug,w,d,Forward,Light
332,1.088742,-22.018394,79.799883,19.129905,0.92,-20.793375,-19.129905,0.004189,5.783257,../SpiRNIJ-RSmBslrJdDMzug/HZB_MMB_12_12_C-7.jv.txt,SpiRNIJ-RSmBslrJdDMzug,w,e,Reverse,Light
333,1.090379,-22.011431,79.513646,19.083917,0.92,-20.743388,-19.08391696,0.004267,24.813071,../SpiRNIJ-RSmBslrJdDMzug/HZB_MMB_12_12_C-7.jv.txt,SpiRNIJ-RSmBslrJdDMzug,w,e,Forward,Light
334,1.087526,-21.919194,78.091302,18.615172,0.9,-20.683525,-18.6151725,0.005045,6.268803,../SpiRNIJ-RSmBslrJdDMzug/HZB_MMB_12_12_C-7.jv.txt,SpiRNIJ-RSmBslrJdDMzug,w,f,Reverse,Light
335,1.0889,-21.865075,77.895113,18.545962,0.9,-20.606625,-18.5459625,0.005186,2.060575,../SpiRNIJ-RSmBslrJdDMzug/HZB_MMB_12_12_C-7.jv.txt,SpiRNIJ-RSmBslrJdDMzug,w,f,Forward,Light
336,1.092207,-22.374781,72.166455,17.635968,0.84,-20.9952,-17.635968,0.008478,6.955982,../SpiRNIJ-RSmBslrJdDMzug/HZB_MMB_12_12_C-8.jv.txt,SpiRNIJ-RSmBslrJdDMzug,w,a,Reverse,Light
337,1.08797,-22.338706,71.075757,17.27414,0.82,-21.066025,-17.274140499999998,0.008575,2.684564,../SpiRNIJ-RSmBslrJdDMzug/HZB_MMB_12_12_C-8.jv.txt,SpiRNIJ-RSmBslrJdDMzug,w,a,Forward,Light
338,1.091304,-22.667912,79.116207,19.571439,0.9,-21.746044,-19.5714396,0.004613,4.428409,../SpiRNIJ-RSmBslrJdDMzug/HZB_MMB_12_12_C-8.jv.txt,SpiRNIJ-RSmBslrJdDMzug,w,b,Reverse,Light
339,1.09016,-22.706038,78.089898,19.329767,0.9,-21.477519,-19.3297671,0.004743,11.903813,../SpiRNIJ-RSmBslrJdDMzug/HZB_MMB_12_12_C-8.jv.txt,SpiRNIJ-RSmBslrJdDMzug,w,b,Forward,Light
340,0.8361,-20.906012,42.959034,7.509034,0.6,-12.515056,-7.5090335999999995,0.008457,0.08183,../SpiRNIJ-RSmBslrJdDMzug/HZB_MMB_12_12_C-8.jv.txt,SpiRNIJ-RSmBslrJdDMzug,w,c,Reverse,Light
341,0.83844,-20.927144,42.121517,7.390706,0.62,-11.920494,-7.39070628,0.011494,0.080138,../SpiRNIJ-RSmBslrJdDMzug/HZB_MMB_12_12_C-8.jv.txt,SpiRNIJ-RSmBslrJdDMzug,w,c,Forward,Light
342,1.089862,-22.112762,76.407635,18.414126,0.88,-20.925144,-18.41412672,0.006076,-29.83683,../SpiRNIJ-RSmBslrJdDMzug/HZB_MMB_12_12_C-8.jv.txt,SpiRNIJ-RSmBslrJdDMzug,w,d,Reverse,Light
343,1.089535,-22.098931,76.315946,18.37501,0.88,-20.880694,-18.37501072,0.00608,3.692713,../SpiRNIJ-RSmBslrJdDMzug/HZB_MMB_12_12_C-8.jv.txt,SpiRNIJ-RSmBslrJdDMzug,w,d,Forward,Light
344,0.033574,-7.048263,24.121013,0.05708,0.02,-2.853984,-0.05707968,0.004756,0.004761,../SpiRNIJ-RSmBslrJdDMzug/HZB_MMB_12_12_C-8.jv.txt,SpiRNIJ-RSmBslrJdDMzug,w,e,Reverse,Light
345,0.033607,-7.088775,23.998901,0.057173,0.02,-2.858666,-0.05717332,0.00476,0.004758,../SpiRNIJ-RSmBslrJdDMzug/HZB_MMB_12_12_C-8.jv.txt,SpiRNIJ-RSmBslrJdDMzug,w,e,Forward,Light
346,1.090153,-21.794356,73.441338,17.449061,0.86,-20.289606,-17.44906116,0.007811,2.700015,../SpiRNIJ-RSmBslrJdDMzug/HZB_MMB_12_12_C-8.jv.txt,SpiRNIJ-RSmBslrJdDMzug,w,f,Reverse,Light
347,1.091035,-21.834925,73.076356,17.408733,0.86,-20.242712,-17.408732320000002,0.00787,11.156768,../SpiRNIJ-RSmBslrJdDMzug/HZB_MMB_12_12_C-8.jv.txt,SpiRNIJ-RSmBslrJdDMzug,w,f,Forward,Light
348,1.026375,-22.796756,72.542441,16.9735,0.8,-21.216875,-16.9735,0.005804,3.352807,../SpiRNIJ-RSmBslrJdDMzug/HZB_MMB_12_12_C-9.jv.txt,SpiRNIJ-RSmBslrJdDMzug,w,a,Reverse,Light
349,1.010937,-22.803381,72.122246,16.626187,0.78,-21.315625,-16.6261875,0.006443,4.247412,../SpiRNIJ-RSmBslrJdDMzug/HZB_MMB_12_12_C-9.jv.txt,SpiRNIJ-RSmBslrJdDMzug,w,a,Forward,Light
350,1.022869,-22.9923,62.282906,14.647768,0.82,-17.863131,-14.64776742,0.005507,0.214935,../SpiRNIJ-RSmBslrJdDMzug/HZB_MMB_12_12_C-9.jv.txt,SpiRNIJ-RSmBslrJdDMzug,w,b,Reverse,Light
351,1.0062,-22.989819,60.831302,14.07172,0.8,-17.58965,-14.07172,0.006135,0.206369,../SpiRNIJ-RSmBslrJdDMzug/HZB_MMB_12_12_C-9.jv.txt,SpiRNIJ-RSmBslrJdDMzug,w,b,Forward,Light
352,1.084713,-22.348544,77.675496,18.829896,0.9,-20.922106,-18.8298954,0.004404,5.443355,../SpiRNIJ-RSmBslrJdDMzug/HZB_MMB_12_12_C-9.jv.txt,SpiRNIJ-RSmBslrJdDMzug,w,c,Reverse,Light
353,1.081632,-22.339044,76.710457,18.535253,0.88,-21.062787,-18.53525256,0.004744,5.338294,../SpiRNIJ-RSmBslrJdDMzug/HZB_MMB_12_12_C-9.jv.txt,SpiRNIJ-RSmBslrJdDMzug,w,c,Forward,Light
354,1.090486,-23.077994,78.562547,19.771225,0.92,-21.490462,-19.77122504,0.004157,2.182549,../SpiRNIJ-RSmBslrJdDMzug/HZB_MMB_12_12_C-9.jv.txt,SpiRNIJ-RSmBslrJdDMzug,w,d,Reverse,Light
355,1.090832,-23.09115,78.163198,19.68819,0.92,-21.400206,-19.68818952,0.004236,2.137193,../SpiRNIJ-RSmBslrJdDMzug/HZB_MMB_12_12_C-9.jv.txt,SpiRNIJ-RSmBslrJdDMzug,w,d,Forward,Light
356,1.088843,-22.645881,79.450689,19.59079,0.92,-21.294337,-19.590790039999998,0.003993,2.521671,../SpiRNIJ-RSmBslrJdDMzug/HZB_MMB_12_12_C-9.jv.txt,SpiRNIJ-RSmBslrJdDMzug,w,e,Reverse,Light
357,1.088769,-22.644869,78.764497,19.419406,0.92,-21.10805,-19.419406,0.004168,5.351225,../SpiRNIJ-RSmBslrJdDMzug/HZB_MMB_12_12_C-9.jv.txt,SpiRNIJ-RSmBslrJdDMzug,w,e,Forward,Light
358,1.091555,-22.818175,79.75970700000002,19.865986,0.92,-21.593463,-19.86598596,0.003974,3.622144,../SpiRNIJ-RSmBslrJdDMzug/HZB_MMB_12_12_C-9.jv.txt,SpiRNIJ-RSmBslrJdDMzug,w,f,Reverse,Light
359,1.092018,-22.800156,79.47297500000002,19.787331,0.92,-21.507969,-19.78733148,0.004061,8.832976,../SpiRNIJ-RSmBslrJdDMzug/HZB_MMB_12_12_C-9.jv.txt,SpiRNIJ-RSmBslrJdDMzug,w,f,Forward,Light
