,index,sample,batch,condition,variable,cell,direction,ilum,0,1,2,3,4,5,6,7,8,9,10,11,12,13,14,15,16,17,18,19,20,21,22,23,24,25,26,27,28,29,30,31,32,33,34,35,36
0,Voltage (V)_a_Reverse_Light,../z7oECi9xQOiehkXONk1AUg/HZB_CR_W3_1_Cell-1.JV_CR03-01_rem_l1.jv.txt,z7oECi9xQOiehkXONk1AUg,w,Voltage (V),a,Reverse,Light,1.4,1.36,1.32,1.28,1.24,1.2,1.16,1.12,1.08,1.04,1.0,0.96,0.92,0.88,0.84,0.8,0.76,0.72,0.68,0.64,0.6,0.56,0.52,0.48,0.44,0.4,0.36,0.32,0.28,0.24,0.2,0.16,0.12,0.08,0.04,-2.220446e-16,-0.04
1,Current Density(mA/cm2)_a_Reverse_Light,../z7oECi9xQOiehkXONk1AUg/HZB_CR_W3_1_Cell-1.JV_CR03-01_rem_l1.jv.txt,z7oECi9xQOiehkXONk1AUg,w,Current Density(mA/cm2),a,Reverse,Light,20.0053,20.00539,19.3807,11.43774,5.211795,0.6509032,-3.194181,-6.235373,-8.468872,-10.21433,-11.56833,-12.67707,-13.54678,-14.21256,-14.71127,-15.0736,-15.33164,-15.5115,-15.63938,-15.73242,-15.80179,-15.85641,-15.90084,-15.93844,-15.97036,-15.99764,-16.02257,-16.04394,-16.06271,-16.07988,-16.09426,-16.10777,-16.11971,-16.1311,-16.14127,-16.1511,-16.1597
2,Voltage (V)_a_Forward_Light,../z7oECi9xQOiehkXONk1AUg/HZB_CR_W3_1_Cell-1.JV_CR03-01_rem_l1.jv.txt,z7oECi9xQOiehkXONk1AUg,w,Voltage (V),a,Forward,Light,1.4,1.36,1.32,1.28,1.24,1.2,1.16,1.12,1.08,1.04,1.0,0.96,0.92,0.88,0.84,0.8,0.76,0.72,0.68,0.64,0.6,0.56,0.52,0.48,0.44,0.4,0.36,0.32,0.28,0.24,0.2,0.16,0.12,0.08,0.04,-2.220446e-16,-0.04
3,Current Density(mA/cm2)_a_Forward_Light,../z7oECi9xQOiehkXONk1AUg/HZB_CR_W3_1_Cell-1.JV_CR03-01_rem_l1.jv.txt,z7oECi9xQOiehkXONk1AUg,w,Current Density(mA/cm2),a,Forward,Light,20.00539,20.00534,20.00534,9.67062,2.269417,-1.88033,-4.321593,-5.984202,-7.343362,-8.633728,-9.997953,-11.04569,-12.30458,-13.46291,-14.37839,-14.98045,-15.32128,-15.50782,-15.62034,-15.69867,-15.75897,-15.80609,-15.8475,-15.88326,-15.91351,-15.94081,-15.96537,-15.98799,-16.0088,-16.02788,-16.04456,-16.06161,-16.07834,-16.09495,-16.1118,-16.12997,-16.15153
4,Voltage (V)_b_Reverse_Light,../z7oECi9xQOiehkXONk1AUg/HZB_CR_W3_1_Cell-1.JV_CR03-01_rem_l1.jv.txt,z7oECi9xQOiehkXONk1AUg,w,Voltage (V),b,Reverse,Light,1.4,1.36,1.32,1.28,1.24,1.2,1.16,1.12,1.08,1.04,1.0,0.96,0.92,0.88,0.84,0.8,0.76,0.72,0.68,0.64,0.6,0.56,0.52,0.48,0.44,0.4,0.36,0.32,0.28,0.24,0.2,0.16,0.12,0.08,0.04,-2.220446e-16,-0.04
5,Current Density(mA/cm2)_b_Reverse_Light,../z7oECi9xQOiehkXONk1AUg/HZB_CR_W3_1_Cell-1.JV_CR03-01_rem_l1.jv.txt,z7oECi9xQOiehkXONk1AUg,w,Current Density(mA/cm2),b,Reverse,Light,20.0054,20.00534,20.00537,20.00529,20.00529,14.04461,2.646802,-5.521874,-10.51338,-13.18136,-14.48728,-15.16445,-15.55053,-15.78782,-15.94201,-16.04681,-16.1206,-16.17523,-16.21812,-16.2519,-16.27956,-16.30194,-16.32018,-16.33521,-16.34739,-16.35734,-16.36566,-16.37231,-16.37809,-16.38281,-16.3871,-16.39065,-16.39391,-16.3968,-16.3996,-16.40174,-16.40422
6,Voltage (V)_b_Forward_Light,../z7oECi9xQOiehkXONk1AUg/HZB_CR_W3_1_Cell-1.JV_CR03-01_rem_l1.jv.txt,z7oECi9xQOiehkXONk1AUg,w,Voltage (V),b,Forward,Light,1.4,1.36,1.32,1.28,1.24,1.2,1.16,1.12,1.08,1.04,1.0,0.96,0.92,0.88,0.84,0.8,0.76,0.72,0.68,0.64,0.6,0.56,0.52,0.48,0.44,0.4,0.36,0.32,0.28,0.24,0.2,0.16,0.12,0.08,0.04,-2.220446e-16,-0.04
7,Current Density(mA/cm2)_b_Forward_Light,../z7oECi9xQOiehkXONk1AUg/HZB_CR_W3_1_Cell-1.JV_CR03-01_rem_l1.jv.txt,z7oECi9xQOiehkXONk1AUg,w,Current Density(mA/cm2),b,Forward,Light,20.00537,20.00536,20.00526,20.00527,13.15234,2.106106,-4.544986,-8.931821,-11.90587,-13.9212,-15.08727,-15.65683,-15.92486,-16.06074,-16.13895,-16.1896,-16.2245,-16.24957,-16.26845,-16.28301,-16.29521,-16.30534,-16.31468,-16.32325,-16.33097,-16.33854,-16.34559,-16.35256,-16.35893,-16.36477,-16.37065,-16.37626,-16.38181,-16.38704,-16.39248,-16.39741,-16.40288
8,Voltage (V)_c_Reverse_Light,../z7oECi9xQOiehkXONk1AUg/HZB_CR_W3_1_Cell-1.JV_CR03-01_rem_l1.jv.txt,z7oECi9xQOiehkXONk1AUg,w,Voltage (V),c,Reverse,Light,1.4,1.36,1.32,1.28,1.24,1.2,1.16,1.12,1.08,1.04,1.0,0.96,0.92,0.88,0.84,0.8,0.76,0.72,0.68,0.64,0.6,0.56,0.52,0.48,0.44,0.4,0.36,0.32,0.28,0.24,0.2,0.16,0.12,0.08,0.04,-2.220446e-16,-0.04
9,Current Density(mA/cm2)_c_Reverse_Light,../z7oECi9xQOiehkXONk1AUg/HZB_CR_W3_1_Cell-1.JV_CR03-01_rem_l1.jv.txt,z7oECi9xQOiehkXONk1AUg,w,Current Density(mA/cm2),c,Reverse,Light,20.00527,20.00532,20.00535,20.00522,20.00522,20.00526,20.00524,20.00514,20.00522,20.00522,20.00513,20.00508,20.00511,20.00507,20.00505,20.00505,20.00507,20.00503,20.00501,20.00501,20.00497,20.00495,20.00493,20.00495,20.00491,20.00491,20.00485,12.03963,5.506758,0.4096481,-3.960782,-7.653269,-10.49457,-12.63993,-14.41278,-15.98804,-17.73777
10,Voltage (V)_c_Forward_Light,../z7oECi9xQOiehkXONk1AUg/HZB_CR_W3_1_Cell-1.JV_CR03-01_rem_l1.jv.txt,z7oECi9xQOiehkXONk1AUg,w,Voltage (V),c,Forward,Light,1.4,1.36,1.32,1.28,1.24,1.2,1.16,1.12,1.08,1.04,1.0,0.96,0.92,0.88,0.84,0.8,0.76,0.72,0.68,0.64,0.6,0.56,0.52,0.48,0.44,0.4,0.36,0.32,0.28,0.24,0.2,0.16,0.12,0.08,0.04,-2.220446e-16,-0.04
11,Current Density(mA/cm2)_c_Forward_Light,../z7oECi9xQOiehkXONk1AUg/HZB_CR_W3_1_Cell-1.JV_CR03-01_rem_l1.jv.txt,z7oECi9xQOiehkXONk1AUg,w,Current Density(mA/cm2),c,Forward,Light,20.00539,20.00534,20.0053,20.00524,20.00526,20.00532,20.00527,20.00518,20.0052,20.00523,20.00515,20.00513,20.00512,20.00509,20.00507,20.00505,20.00506,20.00503,20.005,20.00491,20.00494,20.005,20.00491,20.0049,20.00488,20.00483,20.00481,19.19339,11.39172,4.956273,-0.3925546,-4.916806,-8.726933,-11.63316,-13.95984,-15.90435,-17.79282
12,Voltage (V)_d_Reverse_Light,../z7oECi9xQOiehkXONk1AUg/HZB_CR_W3_1_Cell-1.JV_CR03-01_rem_l1.jv.txt,z7oECi9xQOiehkXONk1AUg,w,Voltage (V),d,Reverse,Light,1.4,1.36,1.32,1.28,1.24,1.2,1.16,1.12,1.08,1.04,1.0,0.96,0.92,0.88,0.84,0.8,0.76,0.72,0.68,0.64,0.6,0.56,0.52,0.48,0.44,0.4,0.36,0.32,0.28,0.24,0.2,0.16,0.12,0.08,0.04,-2.220446e-16,-0.04
13,Current Density(mA/cm2)_d_Reverse_Light,../z7oECi9xQOiehkXONk1AUg/HZB_CR_W3_1_Cell-1.JV_CR03-01_rem_l1.jv.txt,z7oECi9xQOiehkXONk1AUg,w,Current Density(mA/cm2),d,Reverse,Light,20.00543,20.0054,20.00535,20.00534,20.00534,16.53567,5.229074,-3.440278,-9.154957,-12.36357,-14.01879,-14.89055,-15.39207,-15.70374,-15.90966,-16.05144,-16.15363,-16.23065,-16.29021,-16.33594,-16.37322,-16.40346,-16.42785,-16.44827,-16.46471,-16.4791,-16.4903,-16.50002,-16.50829,-16.51509,-16.52165,-16.52655,-16.53145,-16.53583,-16.53951,-16.5436,-16.54671
14,Voltage (V)_d_Forward_Light,../z7oECi9xQOiehkXONk1AUg/HZB_CR_W3_1_Cell-1.JV_CR03-01_rem_l1.jv.txt,z7oECi9xQOiehkXONk1AUg,w,Voltage (V),d,Forward,Light,1.4,1.36,1.32,1.28,1.24,1.2,1.16,1.12,1.08,1.04,1.0,0.96,0.92,0.88,0.84,0.8,0.76,0.72,0.68,0.64,0.6,0.56,0.52,0.48,0.44,0.4,0.36,0.32,0.28,0.24,0.2,0.16,0.12,0.08,0.04,-2.220446e-16,-0.04
15,Current Density(mA/cm2)_d_Forward_Light,../z7oECi9xQOiehkXONk1AUg/HZB_CR_W3_1_Cell-1.JV_CR03-01_rem_l1.jv.txt,z7oECi9xQOiehkXONk1AUg,w,Current Density(mA/cm2),d,Forward,Light,20.00532,20.0053,20.00528,20.00523,11.49207,1.33752,-4.371399,-8.051607,-10.46239,-12.31579,-13.7427,-14.77209,-15.43908,-15.83401,-16.0564,-16.18325,-16.26048,-16.31192,-16.34827,-16.37585,-16.39796,-16.41529,-16.43001,-16.4428,-16.45398,-16.46424,-16.47343,-16.48216,-16.49041,-16.49778,-16.50493,-16.51214,-16.51877,-16.52532,-16.53164,-16.53801,-16.54496
16,Voltage (V)_e_Reverse_Light,../z7oECi9xQOiehkXONk1AUg/HZB_CR_W3_1_Cell-1.JV_CR03-01_rem_l1.jv.txt,z7oECi9xQOiehkXONk1AUg,w,Voltage (V),e,Reverse,Light,1.4,1.36,1.32,1.28,1.24,1.2,1.16,1.12,1.08,1.04,1.0,0.96,0.92,0.88,0.84,0.8,0.76,0.72,0.68,0.64,0.6,0.56,0.52,0.48,0.44,0.4,0.36,0.32,0.28,0.24,0.2,0.16,0.12,0.08,0.04,-2.220446e-16,-0.04
17,Current Density(mA/cm2)_e_Reverse_Light,../z7oECi9xQOiehkXONk1AUg/HZB_CR_W3_1_Cell-1.JV_CR03-01_rem_l1.jv.txt,z7oECi9xQOiehkXONk1AUg,w,Current Density(mA/cm2),e,Reverse,Light,20.00534,20.00531,20.00535,20.00526,15.98318,5.933298,-1.159902,-5.871734,-9.057061,-11.25647,-12.8336,-13.94443,-14.72895,-15.27805,-15.66073,-15.92372,-16.10541,-16.23173,-16.3205,-16.3842,-16.43123,-16.467,-16.4949,-16.51665,-16.53346,-16.54766,-16.56028,-16.57126,-16.58095,-16.58955,-16.59679,-16.60451,-16.61144,-16.61716,-16.62282,-16.62884,-16.63494
18,Voltage (V)_e_Forward_Light,../z7oECi9xQOiehkXONk1AUg/HZB_CR_W3_1_Cell-1.JV_CR03-01_rem_l1.jv.txt,z7oECi9xQOiehkXONk1AUg,w,Voltage (V),e,Forward,Light,1.4,1.36,1.32,1.28,1.24,1.2,1.16,1.12,1.08,1.04,1.0,0.96,0.92,0.88,0.84,0.8,0.76,0.72,0.68,0.64,0.6,0.56,0.52,0.48,0.44,0.4,0.36,0.32,0.28,0.24,0.2,0.16,0.12,0.08,0.04,-2.220446e-16,-0.04
19,Current Density(mA/cm2)_e_Forward_Light,../z7oECi9xQOiehkXONk1AUg/HZB_CR_W3_1_Cell-1.JV_CR03-01_rem_l1.jv.txt,z7oECi9xQOiehkXONk1AUg,w,Current Density(mA/cm2),e,Forward,Light,20.00528,20.00529,20.00524,16.11498,4.617043,-1.466158,-5.126511,-7.530693,-9.398526,-10.6363,-11.93161,-13.102,-14.13117,-14.95647,-15.53291,-15.87874,-16.07149,-16.18203,-16.25195,-16.30119,-16.33871,-16.36795,-16.39167,-16.41126,-16.42874,-16.44512,-16.46011,-16.4753,-16.48977,-16.50385,-16.51902,-16.5337,-16.54907,-16.56544,-16.58289,-16.60232,-16.62498
20,Voltage (V)_f_Reverse_Light,../z7oECi9xQOiehkXONk1AUg/HZB_CR_W3_1_Cell-1.JV_CR03-01_rem_l1.jv.txt,z7oECi9xQOiehkXONk1AUg,w,Voltage (V),f,Reverse,Light,1.4,1.36,1.32,1.28,1.24,1.2,1.16,1.12,1.08,1.04,1.0,0.96,0.92,0.88,0.84,0.8,0.76,0.72,0.68,0.64,0.6,0.56,0.52,0.48,0.44,0.4,0.36,0.32,0.28,0.24,0.2,0.16,0.12,0.08,0.04,-2.220446e-16,-0.04
21,Current Density(mA/cm2)_f_Reverse_Light,../z7oECi9xQOiehkXONk1AUg/HZB_CR_W3_1_Cell-1.JV_CR03-01_rem_l1.jv.txt,z7oECi9xQOiehkXONk1AUg,w,Current Density(mA/cm2),f,Reverse,Light,20.00537,20.00534,20.00526,20.00527,20.00524,10.73859,1.64539,-5.125556,-9.650246,-12.42771,-14.02751,-14.95687,-15.51816,-15.87148,-16.10107,-16.25421,-16.35852,-16.4314,-16.48371,-16.52275,-16.55237,-16.57564,-16.5942,-16.60929,-16.62141,-16.63115,-16.64024,-16.64779,-16.65429,-16.66024,-16.66525,-16.67032,-16.67449,-16.67812,-16.68134,-16.68511,-16.6884
22,Voltage (V)_f_Forward_Light,../z7oECi9xQOiehkXONk1AUg/HZB_CR_W3_1_Cell-1.JV_CR03-01_rem_l1.jv.txt,z7oECi9xQOiehkXONk1AUg,w,Voltage (V),f,Forward,Light,1.4,1.36,1.32,1.28,1.24,1.2,1.16,1.12,1.08,1.04,1.0,0.96,0.92,0.88,0.84,0.8,0.76,0.72,0.68,0.64,0.6,0.56,0.52,0.48,0.44,0.4,0.36,0.32,0.28,0.24,0.2,0.16,0.12,0.08,0.04,-2.220446e-16,-0.04
23,Current Density(mA/cm2)_f_Forward_Light,../z7oECi9xQOiehkXONk1AUg/HZB_CR_W3_1_Cell-1.JV_CR03-01_rem_l1.jv.txt,z7oECi9xQOiehkXONk1AUg,w,Current Density(mA/cm2),f,Forward,Light,20.0053,20.00535,20.00529,20.00526,9.428588,-0.2345337,-5.167479,-7.948093,-9.984141,-11.31157,-12.64513,-13.80037,-14.72533,-15.39817,-15.8414,-16.1079,-16.26258,-16.3536,-16.41091,-16.44962,-16.47824,-16.50059,-16.51835,-16.53356,-16.54721,-16.55978,-16.57174,-16.58294,-16.59395,-16.60495,-16.61562,-16.6266,-16.63717,-16.64796,-16.65902,-16.67056,-16.68313
24,Voltage (V)_a_Reverse_Light,../z7oECi9xQOiehkXONk1AUg/HZB_CR_W3_2_Cell-2.JV_CR03-02_rem_l1.jv.txt,z7oECi9xQOiehkXONk1AUg,w,Voltage (V),a,Reverse,Light,1.4,1.36,1.32,1.28,1.24,1.2,1.16,1.12,1.08,1.04,1.0,0.96,0.92,0.88,0.84,0.8,0.76,0.72,0.68,0.64,0.6,0.56,0.52,0.48,0.44,0.4,0.36,0.32,0.28,0.24,0.2,0.16,0.12,0.08,0.04,-2.220446e-16,-0.04
25,Current Density(mA/cm2)_a_Reverse_Light,../z7oECi9xQOiehkXONk1AUg/HZB_CR_W3_2_Cell-2.JV_CR03-02_rem_l1.jv.txt,z7oECi9xQOiehkXONk1AUg,w,Current Density(mA/cm2),a,Reverse,Light,20.00526,20.00518,20.00524,13.66317,8.183357,3.485936,-0.2160273,-2.974755,-5.144801,-6.660861,-7.74188,-8.515809,-9.107753,-9.609277,-10.06062,-10.4701,-10.90972,-11.34755,-11.77241,-12.20325,-12.61855,-13.00383,-13.34482,-13.63056,-13.87267,-14.06187,-14.2155,-14.33863,-14.43796,-14.5259,-14.60455,-14.67411,-14.73879,-14.7982,-14.85231,-14.90562,-14.95578
26,Voltage (V)_a_Forward_Light,../z7oECi9xQOiehkXONk1AUg/HZB_CR_W3_2_Cell-2.JV_CR03-02_rem_l1.jv.txt,z7oECi9xQOiehkXONk1AUg,w,Voltage (V),a,Forward,Light,1.4,1.36,1.32,1.28,1.24,1.2,1.16,1.12,1.08,1.04,1.0,0.96,0.92,0.88,0.84,0.8,0.76,0.72,0.68,0.64,0.6,0.56,0.52,0.48,0.44,0.4,0.36,0.32,0.28,0.24,0.2,0.16,0.12,0.08,0.04,-2.220446e-16,-0.04
27,Current Density(mA/cm2)_a_Forward_Light,../z7oECi9xQOiehkXONk1AUg/HZB_CR_W3_2_Cell-2.JV_CR03-02_rem_l1.jv.txt,z7oECi9xQOiehkXONk1AUg,w,Current Density(mA/cm2),a,Forward,Light,20.00521,20.00515,19.79689,12.85872,7.119286,2.526747,-1.350717,-4.482536,-6.809703,-8.448421,-9.571468,-10.33834,-10.93012,-11.40386,-11.79742,-12.13161,-12.41439,-12.65523,-12.8664,-13.05789,-13.22668,-13.37908,-13.52108,-13.65426,-13.76752,-13.87599,-13.97943,-14.08346,-14.18316,-14.27973,-14.37564,-14.47297,-14.57072,-14.66574,-14.75785,-14.84895,-14.93721
28,Voltage (V)_b_Reverse_Light,../z7oECi9xQOiehkXONk1AUg/HZB_CR_W3_2_Cell-2.JV_CR03-02_rem_l1.jv.txt,z7oECi9xQOiehkXONk1AUg,w,Voltage (V),b,Reverse,Light,1.4,1.36,1.32,1.28,1.24,1.2,1.16,1.12,1.08,1.04,1.0,0.96,0.92,0.88,0.84,0.8,0.76,0.72,0.68,0.64,0.6,0.56,0.52,0.48,0.44,0.4,0.36,0.32,0.28,0.24,0.2,0.16,0.12,0.08,0.04,-2.220446e-16,-0.04
29,Current Density(mA/cm2)_b_Reverse_Light,../z7oECi9xQOiehkXONk1AUg/HZB_CR_W3_2_Cell-2.JV_CR03-02_rem_l1.jv.txt,z7oECi9xQOiehkXONk1AUg,w,Current Density(mA/cm2),b,Reverse,Light,20.00522,15.81059,11.69349,8.277984,5.203768,2.315314,-0.4881335,-3.173433,-5.614281,-7.53632,-8.942625,-9.940357,-10.65598,-11.22354,-11.68103,-12.08393,-12.45443,-12.80293,-13.14401,-13.48293,-13.81884,-14.14876,-14.46702,-14.76635,-15.05187,-15.29042,-15.47524,-15.61786,-15.723,-15.79721,-15.8514,-15.88972,-15.91783,-15.9396,-15.95554,-15.9686,-15.97858
30,Voltage (V)_b_Forward_Light,../z7oECi9xQOiehkXONk1AUg/HZB_CR_W3_2_Cell-2.JV_CR03-02_rem_l1.jv.txt,z7oECi9xQOiehkXONk1AUg,w,Voltage (V),b,Forward,Light,1.4,1.36,1.32,1.28,1.24,1.2,1.16,1.12,1.08,1.04,1.0,0.96,0.92,0.88,0.84,0.8,0.76,0.72,0.68,0.64,0.6,0.56,0.52,0.48,0.44,0.4,0.36,0.32,0.28,0.24,0.2,0.16,0.12,0.08,0.04,-2.220446e-16,-0.04
31,Current Density(mA/cm2)_b_Forward_Light,../z7oECi9xQOiehkXONk1AUg/HZB_CR_W3_2_Cell-2.JV_CR03-02_rem_l1.jv.txt,z7oECi9xQOiehkXONk1AUg,w,Current Density(mA/cm2),b,Forward,Light,18.98914,14.09496,9.863377,6.149767,2.46366,-1.295086,-4.800507,-7.656356,-9.75867,-11.18358,-12.17296,-12.91451,-13.49091,-13.95202,-14.33641,-14.64725,-14.89655,-15.09652,-15.25589,-15.38295,-15.48618,-15.56871,-15.63624,-15.69165,-15.73728,-15.77523,-15.80819,-15.83663,-15.86141,-15.88278,-15.90147,-15.91797,-15.93213,-15.94506,-15.95702,-15.96829,-15.97868
32,Voltage (V)_c_Reverse_Light,../z7oECi9xQOiehkXONk1AUg/HZB_CR_W3_2_Cell-2.JV_CR03-02_rem_l1.jv.txt,z7oECi9xQOiehkXONk1AUg,w,Voltage (V),c,Reverse,Light,1.4,1.36,1.32,1.28,1.24,1.2,1.16,1.12,1.08,1.04,1.0,0.96,0.92,0.88,0.84,0.8,0.76,0.72,0.68,0.64,0.6,0.56,0.52,0.48,0.44,0.4,0.36,0.32,0.28,0.24,0.2,0.16,0.12,0.08,0.04,-2.220446e-16,-0.04
33,Current Density(mA/cm2)_c_Reverse_Light,../z7oECi9xQOiehkXONk1AUg/HZB_CR_W3_2_Cell-2.JV_CR03-02_rem_l1.jv.txt,z7oECi9xQOiehkXONk1AUg,w,Current Density(mA/cm2),c,Reverse,Light,20.00515,20.00514,20.00518,20.00512,20.00512,20.00518,20.0051,20.00508,20.00501,20.00503,20.005,20.00498,20.00495,20.00495,20.00497,20.00495,13.80675,7.839013,2.858243,-1.203413,-4.465962,-7.055141,-9.086251,-10.6258,-11.84725,-12.77003,-13.46427,-13.98359,-14.37147,-14.65641,-14.86666,-15.02507,-15.14181,-15.22885,-15.29519,-15.35182,-15.40765
34,Voltage (V)_c_Forward_Light,../z7oECi9xQOiehkXONk1AUg/HZB_CR_W3_2_Cell-2.JV_CR03-02_rem_l1.jv.txt,z7oECi9xQOiehkXONk1AUg,w,Voltage (V),c,Forward,Light,1.4,1.36,1.32,1.28,1.24,1.2,1.16,1.12,1.08,1.04,1.0,0.96,0.92,0.88,0.84,0.8,0.76,0.72,0.68,0.64,0.6,0.56,0.52,0.48,0.44,0.4,0.36,0.32,0.28,0.24,0.2,0.16,0.12,0.08,0.04,-2.220446e-16,-0.04
35,Current Density(mA/cm2)_c_Forward_Light,../z7oECi9xQOiehkXONk1AUg/HZB_CR_W3_2_Cell-2.JV_CR03-02_rem_l1.jv.txt,z7oECi9xQOiehkXONk1AUg,w,Current Density(mA/cm2),c,Forward,Light,20.00522,20.00522,20.00516,20.00513,20.00513,20.0051,20.00508,20.00505,20.00503,20.00499,20.005,20.00495,20.00494,20.00489,20.00491,20.00487,17.84337,11.73304,6.825097,2.300132,-1.502255,-4.640711,-7.176662,-9.216142,-10.70557,-11.92908,-12.85521,-13.55456,-14.07273,-14.45078,-14.72563,-14.92372,-15.06763,-15.1738,-15.25704,-15.32614,-15.39854
36,Voltage (V)_d_Reverse_Light,../z7oECi9xQOiehkXONk1AUg/HZB_CR_W3_2_Cell-2.JV_CR03-02_rem_l1.jv.txt,z7oECi9xQOiehkXONk1AUg,w,Voltage (V),d,Reverse,Light,1.4,1.36,1.32,1.28,1.24,1.2,1.16,1.12,1.08,1.04,1.0,0.96,0.92,0.88,0.84,0.8,0.76,0.72,0.68,0.64,0.6,0.56,0.52,0.48,0.44,0.4,0.36,0.32,0.28,0.24,0.2,0.16,0.12,0.08,0.04,-2.220446e-16,-0.04
37,Current Density(mA/cm2)_d_Reverse_Light,../z7oECi9xQOiehkXONk1AUg/HZB_CR_W3_2_Cell-2.JV_CR03-02_rem_l1.jv.txt,z7oECi9xQOiehkXONk1AUg,w,Current Density(mA/cm2),d,Reverse,Light,14.12214,11.93244,10.05981,8.489725,6.934616,5.440885,3.870312,2.100993,0.1933827,-1.647944,-3.367397,-4.772702,-5.913491,-6.874118,-7.729786,-8.515252,-9.269088,-9.998556,-10.88898,-11.62788,-12.33527,-12.99557,-13.5877,-14.13434,-14.56914,-14.89402,-15.13465,-15.28295,-15.44042,-15.56275,-15.66185,-15.74239,-15.82023,-15.87668,-15.92395,-15.96237,-15.99562
38,Voltage (V)_d_Forward_Light,../z7oECi9xQOiehkXONk1AUg/HZB_CR_W3_2_Cell-2.JV_CR03-02_rem_l1.jv.txt,z7oECi9xQOiehkXONk1AUg,w,Voltage (V),d,Forward,Light,1.4,1.36,1.32,1.28,1.24,1.2,1.16,1.12,1.08,1.04,1.0,0.96,0.92,0.88,0.84,0.8,0.76,0.72,0.68,0.64,0.6,0.56,0.52,0.48,0.44,0.4,0.36,0.32,0.28,0.24,0.2,0.16,0.12,0.08,0.04,-2.220446e-16,-0.04
39,Current Density(mA/cm2)_d_Forward_Light,../z7oECi9xQOiehkXONk1AUg/HZB_CR_W3_2_Cell-2.JV_CR03-02_rem_l1.jv.txt,z7oECi9xQOiehkXONk1AUg,w,Current Density(mA/cm2),d,Forward,Light,15.48573,12.82458,10.57954,8.525332,6.632226,4.647024,2.325843,-0.6190893,-3.581956,-6.004532,-7.931914,-9.377827,-10.49288,-11.33166,-11.97536,-12.51294,-12.97222,-13.36778,-13.71733,-14.06098,-14.35009,-14.60486,-14.81645,-14.99892,-15.15168,-15.27933,-15.38211,-15.47326,-15.55108,-15.62266,-15.68682,-15.74874,-15.80997,-15.86506,-15.9129,-15.95392,-15.9934
40,Voltage (V)_e_Reverse_Light,../z7oECi9xQOiehkXONk1AUg/HZB_CR_W3_2_Cell-2.JV_CR03-02_rem_l1.jv.txt,z7oECi9xQOiehkXONk1AUg,w,Voltage (V),e,Reverse,Light,1.4,1.36,1.32,1.28,1.24,1.2,1.16,1.12,1.08,1.04,1.0,0.96,0.92,0.88,0.84,0.8,0.76,0.72,0.68,0.64,0.6,0.56,0.52,0.48,0.44,0.4,0.36,0.32,0.28,0.24,0.2,0.16,0.12,0.08,0.04,-2.220446e-16,-0.04
41,Current Density(mA/cm2)_e_Reverse_Light,../z7oECi9xQOiehkXONk1AUg/HZB_CR_W3_2_Cell-2.JV_CR03-02_rem_l1.jv.txt,z7oECi9xQOiehkXONk1AUg,w,Current Density(mA/cm2),e,Reverse,Light,13.04174,9.890222,7.062278,4.495238,1.910136,-0.8701927,-3.86289,-6.790219,-9.211884,-10.9911,-12.26261,-13.09901,-13.65283,-14.03043,-14.30502,-14.51658,-14.69226,-14.84235,-14.97868,-15.10389,-15.22442,-15.34086,-15.45431,-15.56627,-15.68082,-15.7942,-15.9001,-16.00221,-16.10105,-16.19002,-16.27348,-16.34467,-16.40355,-16.45471,-16.49535,-16.52421,-16.54711
42,Voltage (V)_e_Forward_Light,../z7oECi9xQOiehkXONk1AUg/HZB_CR_W3_2_Cell-2.JV_CR03-02_rem_l1.jv.txt,z7oECi9xQOiehkXONk1AUg,w,Voltage (V),e,Forward,Light,1.4,1.36,1.32,1.28,1.24,1.2,1.16,1.12,1.08,1.04,1.0,0.96,0.92,0.88,0.84,0.8,0.76,0.72,0.68,0.64,0.6,0.56,0.52,0.48,0.44,0.4,0.36,0.32,0.28,0.24,0.2,0.16,0.12,0.08,0.04,-2.220446e-16,-0.04
43,Current Density(mA/cm2)_e_Forward_Light,../z7oECi9xQOiehkXONk1AUg/HZB_CR_W3_2_Cell-2.JV_CR03-02_rem_l1.jv.txt,z7oECi9xQOiehkXONk1AUg,w,Current Density(mA/cm2),e,Forward,Light,12.43492,9.103336,6.043108,2.883378,-0.6620304,-4.396891,-7.822006,-10.4474,-12.26322,-13.49626,-14.34372,-14.93943,-15.3613,-15.66071,-15.86989,-16.02122,-16.13135,-16.21376,-16.27607,-16.32554,-16.36433,-16.39487,-16.4198,-16.44143,-16.45944,-16.47468,-16.48803,-16.49981,-16.51015,-16.51968,-16.52805,-16.53519,-16.54181,-16.54743,-16.55198,-16.55532,-16.55694
44,Voltage (V)_f_Reverse_Light,../z7oECi9xQOiehkXONk1AUg/HZB_CR_W3_2_Cell-2.JV_CR03-02_rem_l1.jv.txt,z7oECi9xQOiehkXONk1AUg,w,Voltage (V),f,Reverse,Light,1.4,1.36,1.32,1.28,1.24,1.2,1.16,1.12,1.08,1.04,1.0,0.96,0.92,0.88,0.84,0.8,0.76,0.72,0.68,0.64,0.6,0.56,0.52,0.48,0.44,0.4,0.36,0.32,0.28,0.24,0.2,0.16,0.12,0.08,0.04,-2.220446e-16,-0.04
45,Current Density(mA/cm2)_f_Reverse_Light,../z7oECi9xQOiehkXONk1AUg/HZB_CR_W3_2_Cell-2.JV_CR03-02_rem_l1.jv.txt,z7oECi9xQOiehkXONk1AUg,w,Current Density(mA/cm2),f,Reverse,Light,20.00515,20.00519,20.00515,20.00516,20.00513,20.00508,20.00508,20.00506,20.00508,20.00504,20.00501,20.00498,20.00496,20.00497,20.00501,20.005,20.00492,20.00491,20.00489,20.00488,20.00485,20.00483,20.0048,20.00485,20.00481,20.00474,13.01307,6.128848,0.6729866,-3.502915,-6.881342,-9.406046,-11.23357,-12.66403,-13.77379,-14.75868,-15.86035
46,Voltage (V)_f_Forward_Light,../z7oECi9xQOiehkXONk1AUg/HZB_CR_W3_2_Cell-2.JV_CR03-02_rem_l1.jv.txt,z7oECi9xQOiehkXONk1AUg,w,Voltage (V),f,Forward,Light,1.4,1.36,1.32,1.28,1.24,1.2,1.16,1.12,1.08,1.04,1.0,0.96,0.92,0.88,0.84,0.8,0.76,0.72,0.68,0.64,0.6,0.56,0.52,0.48,0.44,0.4,0.36,0.32,0.28,0.24,0.2,0.16,0.12,0.08,0.04,-2.220446e-16,-0.04
47,Current Density(mA/cm2)_f_Forward_Light,../z7oECi9xQOiehkXONk1AUg/HZB_CR_W3_2_Cell-2.JV_CR03-02_rem_l1.jv.txt,z7oECi9xQOiehkXONk1AUg,w,Current Density(mA/cm2),f,Forward,Light,20.00527,20.00518,20.0052,20.00521,20.00512,20.00512,20.00512,20.0052,20.00505,20.00503,20.00505,20.00503,20.005,20.005,20.00491,20.00491,20.00493,20.00491,20.00485,20.00488,20.00483,20.00478,20.00483,20.00474,20.00479,20.00471,18.15516,10.34738,4.146,-0.757502,-4.73679,-7.9782,-10.34042,-12.16609,-13.55519,-14.71581,-15.88317
48,Voltage (V)_a_Reverse_Light,../z7oECi9xQOiehkXONk1AUg/HZB_CR_W3_2_Cell-3.JV_CR03-03_rem_l1.jv.txt,z7oECi9xQOiehkXONk1AUg,w,Voltage (V),a,Reverse,Light,1.4,1.36,1.32,1.28,1.24,1.2,1.16,1.12,1.08,1.04,1.0,0.96,0.92,0.88,0.84,0.8,0.76,0.72,0.68,0.64,0.6,0.56,0.52,0.48,0.44,0.4,0.36,0.32,0.28,0.24,0.2,0.16,0.12,0.08,0.04,-2.220446e-16,-0.04
49,Current Density(mA/cm2)_a_Reverse_Light,../z7oECi9xQOiehkXONk1AUg/HZB_CR_W3_2_Cell-3.JV_CR03-03_rem_l1.jv.txt,z7oECi9xQOiehkXONk1AUg,w,Current Density(mA/cm2),a,Reverse,Light,20.00527,20.00532,3.35193,-6.628369,-11.37805,-13.84564,-15.0805,-15.78473,-16.20605,-16.45816,-16.60533,-16.68973,-16.7366,-16.7626,-16.77716,-16.78694,-16.79217,-16.79569,-16.79754,-16.79846,-16.80026,-16.80217,-16.80355,-16.80454,-16.805,-16.80556,-16.80659,-16.80774,-16.8084,-16.80853,-16.80882,-16.80988,-16.81031,-16.81135,-16.81224,-16.81409,-16.81552
50,Voltage (V)_a_Forward_Light,../z7oECi9xQOiehkXONk1AUg/HZB_CR_W3_2_Cell-3.JV_CR03-03_rem_l1.jv.txt,z7oECi9xQOiehkXONk1AUg,w,Voltage (V),a,Forward,Light,1.4,1.36,1.32,1.28,1.24,1.2,1.16,1.12,1.08,1.04,1.0,0.96,0.92,0.88,0.84,0.8,0.76,0.72,0.68,0.64,0.6,0.56,0.52,0.48,0.44,0.4,0.36,0.32,0.28,0.24,0.2,0.16,0.12,0.08,0.04,-2.220446e-16,-0.04
51,Current Density(mA/cm2)_a_Forward_Light,../z7oECi9xQOiehkXONk1AUg/HZB_CR_W3_2_Cell-3.JV_CR03-03_rem_l1.jv.txt,z7oECi9xQOiehkXONk1AUg,w,Current Density(mA/cm2),a,Forward,Light,20.00529,20.00525,4.626583,-5.574817,-10.46767,-13.25304,-14.75186,-15.59546,-16.07803,-16.36637,-16.53638,-16.63375,-16.68967,-16.72162,-16.74093,-16.75343,-16.76245,-16.76844,-16.77301,-16.77683,-16.78042,-16.78347,-16.78603,-16.78866,-16.79135,-16.79269,-16.79464,-16.79649,-16.79865,-16.80051,-16.80213,-16.80404,-16.80591,-16.80792,-16.80993,-16.81253,-16.81502
52,Voltage (V)_b_Reverse_Light,../z7oECi9xQOiehkXONk1AUg/HZB_CR_W3_2_Cell-3.JV_CR03-03_rem_l1.jv.txt,z7oECi9xQOiehkXONk1AUg,w,Voltage (V),b,Reverse,Light,1.4,1.36,1.32,1.28,1.24,1.2,1.16,1.12,1.08,1.04,1.0,0.96,0.92,0.88,0.84,0.8,0.76,0.72,0.68,0.64,0.6,0.56,0.52,0.48,0.44,0.4,0.36,0.32,0.28,0.24,0.2,0.16,0.12,0.08,0.04,-2.220446e-16,-0.04
53,Current Density(mA/cm2)_b_Reverse_Light,../z7oECi9xQOiehkXONk1AUg/HZB_CR_W3_2_Cell-3.JV_CR03-03_rem_l1.jv.txt,z7oECi9xQOiehkXONk1AUg,w,Current Density(mA/cm2),b,Reverse,Light,20.00532,20.00528,20.00525,20.00521,20.00526,20.00524,20.0052,20.00522,20.0051,20.00514,20.00511,20.00513,20.00507,20.00505,20.00507,20.00504,20.00503,16.17524,9.379643,3.668705,-1.035793,-4.82628,-7.846456,-10.19735,-11.9865,-13.36295,-14.38352,-15.13644,-15.6845,-16.08671,-16.37717,-16.58341,-16.73123,-16.83789,-16.91642,-16.98058,-17.04423
54,Voltage (V)_b_Forward_Light,../z7oECi9xQOiehkXONk1AUg/HZB_CR_W3_2_Cell-3.JV_CR03-03_rem_l1.jv.txt,z7oECi9xQOiehkXONk1AUg,w,Voltage (V),b,Forward,Light,1.4,1.36,1.32,1.28,1.24,1.2,1.16,1.12,1.08,1.04,1.0,0.96,0.92,0.88,0.84,0.8,0.76,0.72,0.68,0.64,0.6,0.56,0.52,0.48,0.44,0.4,0.36,0.32,0.28,0.24,0.2,0.16,0.12,0.08,0.04,-2.220446e-16,-0.04
55,Current Density(mA/cm2)_b_Forward_Light,../z7oECi9xQOiehkXONk1AUg/HZB_CR_W3_2_Cell-3.JV_CR03-03_rem_l1.jv.txt,z7oECi9xQOiehkXONk1AUg,w,Current Density(mA/cm2),b,Forward,Light,20.00527,20.00539,20.00525,20.00516,20.00525,20.00519,20.00523,20.00521,20.00518,20.00509,20.0051,20.00507,20.0051,20.00507,20.00498,20.00499,20.00507,19.80148,13.05597,7.547404,2.429083,-1.900435,-5.479266,-8.377142,-10.52858,-12.29872,-13.64676,-14.64628,-15.37388,-15.89393,-16.26296,-16.52055,-16.69936,-16.82104,-16.90974,-16.97759,-17.04391
56,Voltage (V)_c_Reverse_Light,../z7oECi9xQOiehkXONk1AUg/HZB_CR_W3_2_Cell-3.JV_CR03-03_rem_l1.jv.txt,z7oECi9xQOiehkXONk1AUg,w,Voltage (V),c,Reverse,Light,1.4,1.36,1.32,1.28,1.24,1.2,1.16,1.12,1.08,1.04,1.0,0.96,0.92,0.88,0.84,0.8,0.76,0.72,0.68,0.64,0.6,0.56,0.52,0.48,0.44,0.4,0.36,0.32,0.28,0.24,0.2,0.16,0.12,0.08,0.04,-2.220446e-16,-0.04
57,Current Density(mA/cm2)_c_Reverse_Light,../z7oECi9xQOiehkXONk1AUg/HZB_CR_W3_2_Cell-3.JV_CR03-03_rem_l1.jv.txt,z7oECi9xQOiehkXONk1AUg,w,Current Density(mA/cm2),c,Reverse,Light,20.00535,20.00527,20.0053,16.80112,7.57297,1.314343,-2.721387,-5.396535,-7.273795,-8.676564,-9.758701,-10.57778,-11.25585,-11.87203,-12.3788,-12.81846,-13.18543,-13.50843,-13.81062,-14.07169,-14.30627,-14.52329,-14.71907,-14.89703,-15.06536,-15.21817,-15.37114,-15.51212,-15.64294,-15.76632,-15.88146,-15.99792,-16.11027,-16.21985,-16.33133,-16.44432,-16.55954
58,Voltage (V)_c_Forward_Light,../z7oECi9xQOiehkXONk1AUg/HZB_CR_W3_2_Cell-3.JV_CR03-03_rem_l1.jv.txt,z7oECi9xQOiehkXONk1AUg,w,Voltage (V),c,Forward,Light,1.4,1.36,1.32,1.28,1.24,1.2,1.16,1.12,1.08,1.04,1.0,0.96,0.92,0.88,0.84,0.8,0.76,0.72,0.68,0.64,0.6,0.56,0.52,0.48,0.44,0.4,0.36,0.32,0.28,0.24,0.2,0.16,0.12,0.08,0.04,-2.220446e-16,-0.04
59,Current Density(mA/cm2)_c_Forward_Light,../z7oECi9xQOiehkXONk1AUg/HZB_CR_W3_2_Cell-3.JV_CR03-03_rem_l1.jv.txt,z7oECi9xQOiehkXONk1AUg,w,Current Density(mA/cm2),c,Forward,Light,20.00534,20.00527,20.0053,14.42096,6.052841,0.7298111,-2.545184,-4.950127,-6.754491,-8.160339,-9.363061,-10.25329,-11.08952,-11.7395,-12.28772,-12.72037,-13.09935,-13.40941,-13.68487,-13.93774,-14.15831,-14.36659,-14.56596,-14.75052,-14.9211,-15.08932,-15.24597,-15.39385,-15.53641,-15.67206,-15.80106,-15.93007,-16.0563,-16.18284,-16.30678,-16.43132,-16.55624
60,Voltage (V)_d_Reverse_Light,../z7oECi9xQOiehkXONk1AUg/HZB_CR_W3_2_Cell-3.JV_CR03-03_rem_l1.jv.txt,z7oECi9xQOiehkXONk1AUg,w,Voltage (V),d,Reverse,Light,1.4,1.36,1.32,1.28,1.24,1.2,1.16,1.12,1.08,1.04,1.0,0.96,0.92,0.88,0.84,0.8,0.76,0.72,0.68,0.64,0.6,0.56,0.52,0.48,0.44,0.4,0.36,0.32,0.28,0.24,0.2,0.16,0.12,0.08,0.04,-2.220446e-16,-0.04
61,Current Density(mA/cm2)_d_Reverse_Light,../z7oECi9xQOiehkXONk1AUg/HZB_CR_W3_2_Cell-3.JV_CR03-03_rem_l1.jv.txt,z7oECi9xQOiehkXONk1AUg,w,Current Density(mA/cm2),d,Reverse,Light,20.00539,20.00533,20.0053,20.0053,20.00539,20.00527,20.00524,20.00523,20.0052,20.00515,20.0051,20.0051,20.00512,20.00509,20.00515,20.00507,14.14953,8.044422,2.879753,-1.382867,-4.864823,-7.649511,-9.853453,-11.54926,-12.88166,-13.8972,-14.66939,-15.25423,-15.69464,-16.02939,-16.28664,-16.48217,-16.63458,-16.75703,-16.85809,-16.94769,-17.03796
62,Voltage (V)_d_Forward_Light,../z7oECi9xQOiehkXONk1AUg/HZB_CR_W3_2_Cell-3.JV_CR03-03_rem_l1.jv.txt,z7oECi9xQOiehkXONk1AUg,w,Voltage (V),d,Forward,Light,1.4,1.36,1.32,1.28,1.24,1.2,1.16,1.12,1.08,1.04,1.0,0.96,0.92,0.88,0.84,0.8,0.76,0.72,0.68,0.64,0.6,0.56,0.52,0.48,0.44,0.4,0.36,0.32,0.28,0.24,0.2,0.16,0.12,0.08,0.04,-2.220446e-16,-0.04
63,Current Density(mA/cm2)_d_Forward_Light,../z7oECi9xQOiehkXONk1AUg/HZB_CR_W3_2_Cell-3.JV_CR03-03_rem_l1.jv.txt,z7oECi9xQOiehkXONk1AUg,w,Current Density(mA/cm2),d,Forward,Light,20.00534,20.00535,20.00528,20.0053,20.00525,20.00524,20.00522,20.0052,20.00524,20.0051,20.00515,20.00515,20.00508,20.00505,20.00507,20.00501,18.79704,12.49236,7.316301,2.518226,-1.555224,-4.957475,-7.732739,-9.970947,-11.62949,-12.99083,-14.04122,-14.83191,-15.42358,-15.85996,-16.18277,-16.42341,-16.60297,-16.74094,-16.85068,-16.94615,-17.03818
64,Voltage (V)_e_Reverse_Light,../z7oECi9xQOiehkXONk1AUg/HZB_CR_W3_2_Cell-3.JV_CR03-03_rem_l1.jv.txt,z7oECi9xQOiehkXONk1AUg,w,Voltage (V),e,Reverse,Light,1.4,1.36,1.32,1.28,1.24,1.2,1.16,1.12,1.08,1.04,1.0,0.96,0.92,0.88,0.84,0.8,0.76,0.72,0.68,0.64,0.6,0.56,0.52,0.48,0.44,0.4,0.36,0.32,0.28,0.24,0.2,0.16,0.12,0.08,0.04,-2.220446e-16,-0.04
65,Current Density(mA/cm2)_e_Reverse_Light,../z7oECi9xQOiehkXONk1AUg/HZB_CR_W3_2_Cell-3.JV_CR03-03_rem_l1.jv.txt,z7oECi9xQOiehkXONk1AUg,w,Current Density(mA/cm2),e,Reverse,Light,20.00539,20.00532,11.72302,-1.131259,-8.672297,-12.21757,-14.04809,-14.9365,-15.38665,-15.62396,-15.75494,-15.83152,-15.87984,-15.91158,-15.93447,-15.95211,-15.96596,-15.9776,-15.98877,-15.99865,-16.00821,-16.01773,-16.02701,-16.03723,-16.0461,-16.05505,-16.06211,-16.0674,-16.07193,-16.07583,-16.07927,-16.08139,-16.08365,-16.08525,-16.08708,-16.08883,-16.09022
66,Voltage (V)_e_Forward_Light,../z7oECi9xQOiehkXONk1AUg/HZB_CR_W3_2_Cell-3.JV_CR03-03_rem_l1.jv.txt,z7oECi9xQOiehkXONk1AUg,w,Voltage (V),e,Forward,Light,1.4,1.36,1.32,1.28,1.24,1.2,1.16,1.12,1.08,1.04,1.0,0.96,0.92,0.88,0.84,0.8,0.76,0.72,0.68,0.64,0.6,0.56,0.52,0.48,0.44,0.4,0.36,0.32,0.28,0.24,0.2,0.16,0.12,0.08,0.04,-2.220446e-16,-0.04
67,Current Density(mA/cm2)_e_Forward_Light,../z7oECi9xQOiehkXONk1AUg/HZB_CR_W3_2_Cell-3.JV_CR03-03_rem_l1.jv.txt,z7oECi9xQOiehkXONk1AUg,w,Current Density(mA/cm2),e,Forward,Light,20.00532,20.00527,8.516455,-3.021926,-9.429744,-12.35913,-13.95111,-14.79651,-15.27696,-15.56736,-15.74705,-15.85707,-15.92427,-15.96574,-15.99224,-16.00983,-16.02321,-16.03208,-16.03884,-16.04405,-16.04893,-16.05255,-16.05626,-16.05877,-16.06221,-16.06436,-16.06679,-16.06912,-16.07106,-16.07363,-16.07586,-16.07776,-16.0798,-16.08239,-16.08488,-16.08691,-16.09009
68,Voltage (V)_f_Reverse_Light,../z7oECi9xQOiehkXONk1AUg/HZB_CR_W3_2_Cell-3.JV_CR03-03_rem_l1.jv.txt,z7oECi9xQOiehkXONk1AUg,w,Voltage (V),f,Reverse,Light,1.4,1.36,1.32,1.28,1.24,1.2,1.16,1.12,1.08,1.04,1.0,0.96,0.92,0.88,0.84,0.8,0.76,0.72,0.68,0.64,0.6,0.56,0.52,0.48,0.44,0.4,0.36,0.32,0.28,0.24,0.2,0.16,0.12,0.08,0.04,-2.220446e-16,-0.04
69,Current Density(mA/cm2)_f_Reverse_Light,../z7oECi9xQOiehkXONk1AUg/HZB_CR_W3_2_Cell-3.JV_CR03-03_rem_l1.jv.txt,z7oECi9xQOiehkXONk1AUg,w,Current Density(mA/cm2),f,Reverse,Light,20.00534,20.00534,20.00527,20.00531,20.00524,20.00526,20.0052,20.00522,20.00525,20.00516,20.00522,20.00516,20.0051,20.00508,20.00513,20.00506,20.00508,20.00501,20.00504,20.00505,20.00508,20.00497,20.00498,20.00497,20.00496,20.00491,20.00488,20.00488,20.00483,20.00486,20.00562,20.00547,20.00532,20.00505,20.00493,-4.297149,-20.00576
70,Voltage (V)_f_Forward_Light,../z7oECi9xQOiehkXONk1AUg/HZB_CR_W3_2_Cell-3.JV_CR03-03_rem_l1.jv.txt,z7oECi9xQOiehkXONk1AUg,w,Voltage (V),f,Forward,Light,1.4,1.36,1.32,1.28,1.24,1.2,1.16,1.12,1.08,1.04,1.0,0.96,0.92,0.88,0.84,0.8,0.76,0.72,0.68,0.64,0.6,0.56,0.52,0.48,0.44,0.4,0.36,0.32,0.28,0.24,0.2,0.16,0.12,0.08,0.04,-2.220446e-16,-0.04
71,Current Density(mA/cm2)_f_Forward_Light,../z7oECi9xQOiehkXONk1AUg/HZB_CR_W3_2_Cell-3.JV_CR03-03_rem_l1.jv.txt,z7oECi9xQOiehkXONk1AUg,w,Current Density(mA/cm2),f,Forward,Light,20.00539,20.00535,20.00532,20.00541,20.00527,20.00532,20.00525,20.00525,20.00532,20.00522,20.00518,20.00522,20.00513,20.00512,20.00508,20.00508,20.0051,20.00506,20.00504,20.00501,20.00497,20.00498,20.00495,20.00498,20.00489,20.00489,20.00489,20.00486,20.00485,20.0049,20.00562,20.00542,20.00528,20.00506,20.00489,-4.362084,-20.00576
72,Voltage (V)_a_Reverse_Light,../z7oECi9xQOiehkXONk1AUg/HZB_CR_W3_4_Cell-5.JV_CR03-05_rem_l1.jv.txt,z7oECi9xQOiehkXONk1AUg,w,Voltage (V),a,Reverse,Light,1.4,1.36,1.32,1.28,1.24,1.2,1.16,1.12,1.08,1.04,1.0,0.96,0.92,0.88,0.84,0.8,0.76,0.72,0.68,0.64,0.6,0.56,0.52,0.48,0.44,0.4,0.36,0.32,0.28,0.24,0.2,0.16,0.12,0.08,0.04,-2.220446e-16,-0.04
73,Current Density(mA/cm2)_a_Reverse_Light,../z7oECi9xQOiehkXONk1AUg/HZB_CR_W3_4_Cell-5.JV_CR03-05_rem_l1.jv.txt,z7oECi9xQOiehkXONk1AUg,w,Current Density(mA/cm2),a,Reverse,Light,20.00494,20.00511,12.04559,2.943865,-3.54095,-7.570437,-10.00159,-11.42861,-12.47911,-13.20533,-13.76264,-14.19746,-14.55253,-14.87266,-15.13537,-15.36328,-15.54221,-15.67935,-15.77919,-15.88125,-15.97218,-16.06201,-16.14939,-16.22287,-16.29312,-16.36468,-16.43333,-16.49846,-16.56813,-16.63278,-16.69686,-16.76114,-16.82263,-16.88603,-16.94804,-17.01051,-17.07399
74,Voltage (V)_a_Forward_Light,../z7oECi9xQOiehkXONk1AUg/HZB_CR_W3_4_Cell-5.JV_CR03-05_rem_l1.jv.txt,z7oECi9xQOiehkXONk1AUg,w,Voltage (V),a,Forward,Light,1.4,1.36,1.32,1.28,1.24,1.2,1.16,1.12,1.08,1.04,1.0,0.96,0.92,0.88,0.84,0.8,0.76,0.72,0.68,0.64,0.6,0.56,0.52,0.48,0.44,0.4,0.36,0.32,0.28,0.24,0.2,0.16,0.12,0.08,0.04,-2.220446e-16,-0.04
75,Current Density(mA/cm2)_a_Forward_Light,../z7oECi9xQOiehkXONk1AUg/HZB_CR_W3_4_Cell-5.JV_CR03-05_rem_l1.jv.txt,z7oECi9xQOiehkXONk1AUg,w,Current Density(mA/cm2),a,Forward,Light,20.00434,20.00427,12.22125,1.938761,-3.532727,-6.647359,-8.64702,-10.28655,-10.89485,-11.84382,-12.63781,-13.34785,-13.94516,-14.44391,-14.85783,-15.18112,-15.42387,-15.60943,-15.74004,-15.85481,-15.95139,-16.0424,-16.12288,-16.20093,-16.27393,-16.34567,-16.41777,-16.48611,-16.55332,-16.62043,-16.68318,-16.75035,-16.8155,-16.87871,-16.94308,-17.00676,-17.07241
76,Voltage (V)_b_Reverse_Light,../z7oECi9xQOiehkXONk1AUg/HZB_CR_W3_4_Cell-5.JV_CR03-05_rem_l1.jv.txt,z7oECi9xQOiehkXONk1AUg,w,Voltage (V),b,Reverse,Light,1.4,1.36,1.32,1.28,1.24,1.2,1.16,1.12,1.08,1.04,1.0,0.96,0.92,0.88,0.84,0.8,0.76,0.72,0.68,0.64,0.6,0.56,0.52,0.48,0.44,0.4,0.36,0.32,0.28,0.24,0.2,0.16,0.12,0.08,0.04,-2.220446e-16,-0.04
77,Current Density(mA/cm2)_b_Reverse_Light,../z7oECi9xQOiehkXONk1AUg/HZB_CR_W3_4_Cell-5.JV_CR03-05_rem_l1.jv.txt,z7oECi9xQOiehkXONk1AUg,w,Current Density(mA/cm2),b,Reverse,Light,20.0043,20.00431,20.00428,20.00427,20.00421,20.00433,13.52492,6.619752,0.9210066,-3.699991,-7.408876,-10.14423,-12.09759,-13.49936,-14.46622,-15.13487,-15.59233,-15.91444,-16.14208,-16.29863,-16.41332,-16.4958,-16.5566,-16.60995,-16.65617,-16.69609,-16.73148,-16.76918,-16.79869,-16.82833,-16.85814,-16.88475,-16.91167,-16.93885,-16.96425,-16.99019,-17.01565
78,Voltage (V)_b_Forward_Light,../z7oECi9xQOiehkXONk1AUg/HZB_CR_W3_4_Cell-5.JV_CR03-05_rem_l1.jv.txt,z7oECi9xQOiehkXONk1AUg,w,Voltage (V),b,Forward,Light,1.4,1.36,1.32,1.28,1.24,1.2,1.16,1.12,1.08,1.04,1.0,0.96,0.92,0.88,0.84,0.8,0.76,0.72,0.68,0.64,0.6,0.56,0.52,0.48,0.44,0.4,0.36,0.32,0.28,0.24,0.2,0.16,0.12,0.08,0.04,-2.220446e-16,-0.04
79,Current Density(mA/cm2)_b_Forward_Light,../z7oECi9xQOiehkXONk1AUg/HZB_CR_W3_4_Cell-5.JV_CR03-05_rem_l1.jv.txt,z7oECi9xQOiehkXONk1AUg,w,Current Density(mA/cm2),b,Forward,Light,20.00418,20.00415,20.00416,20.00406,20.00413,20.00407,16.3979,9.997593,3.893612,-0.8382453,-4.282943,-7.782173,-10.10207,-12.01925,-13.39804,-14.37765,-15.0693,-15.55208,-15.89037,-16.11521,-16.26897,-16.38343,-16.46782,-16.53904,-16.596,-16.64666,-16.69457,-16.73503,-16.77052,-16.80635,-16.83719,-16.87088,-16.9012,-16.93041,-16.95865,-16.98644,-17.01463
80,Voltage (V)_c_Reverse_Light,../z7oECi9xQOiehkXONk1AUg/HZB_CR_W3_4_Cell-5.JV_CR03-05_rem_l1.jv.txt,z7oECi9xQOiehkXONk1AUg,w,Voltage (V),c,Reverse,Light,1.4,1.36,1.32,1.28,1.24,1.2,1.16,1.12,1.08,1.04,1.0,0.96,0.92,0.88,0.84,0.8,0.76,0.72,0.68,0.64,0.6,0.56,0.52,0.48,0.44,0.4,0.36,0.32,0.28,0.24,0.2,0.16,0.12,0.08,0.04,-2.220446e-16,-0.04
81,Current Density(mA/cm2)_c_Reverse_Light,../z7oECi9xQOiehkXONk1AUg/HZB_CR_W3_4_Cell-5.JV_CR03-05_rem_l1.jv.txt,z7oECi9xQOiehkXONk1AUg,w,Current Density(mA/cm2),c,Reverse,Light,20.0042,20.00417,20.00419,20.00398,20.00416,20.00405,20.00402,20.00405,20.004,20.004,20.00393,20.00382,17.92164,17.30815,15.66986,13.67472,11.99866,10.67557,9.113319,6.888026,4.363029,2.102314,0.4876645,-0.8094736,-2.036262,-3.191828,-4.331038,-5.584027,-6.845901,-8.118881,-9.422761,-10.8876,-12.22035,-13.56212,-14.94064,-16.36055,-17.81868
82,Voltage (V)_c_Forward_Light,../z7oECi9xQOiehkXONk1AUg/HZB_CR_W3_4_Cell-5.JV_CR03-05_rem_l1.jv.txt,z7oECi9xQOiehkXONk1AUg,w,Voltage (V),c,Forward,Light,1.4,1.36,1.32,1.28,1.24,1.2,1.16,1.12,1.08,1.04,1.0,0.96,0.92,0.88,0.84,0.8,0.76,0.72,0.68,0.64,0.6,0.56,0.52,0.48,0.44,0.4,0.36,0.32,0.28,0.24,0.2,0.16,0.12,0.08,0.04,-2.220446e-16,-0.04
83,Current Density(mA/cm2)_c_Forward_Light,../z7oECi9xQOiehkXONk1AUg/HZB_CR_W3_4_Cell-5.JV_CR03-05_rem_l1.jv.txt,z7oECi9xQOiehkXONk1AUg,w,Current Density(mA/cm2),c,Forward,Light,20.00411,20.00417,20.00427,20.00416,20.00356,20.00405,20.00384,20.00398,20.00392,20.004,20.00403,20.00394,18.97969,14.32345,2.701953,7.872991,6.277028,5.462053,5.216163,4.51185,3.489171,2.377023,0.4910858,-0.8317179,-2.005872,-3.178626,-4.343943,-5.610229,-6.897114,-8.237448,-9.62015,-10.7744,-12.1358,-13.52239,-14.92794,-16.35483,-17.82058
84,Voltage (V)_d_Reverse_Light,../z7oECi9xQOiehkXONk1AUg/HZB_CR_W3_4_Cell-5.JV_CR03-05_rem_l1.jv.txt,z7oECi9xQOiehkXONk1AUg,w,Voltage (V),d,Reverse,Light,1.4,1.36,1.32,1.28,1.24,1.2,1.16,1.12,1.08,1.04,1.0,0.96,0.92,0.88,0.84,0.8,0.76,0.72,0.68,0.64,0.6,0.56,0.52,0.48,0.44,0.4,0.36,0.32,0.28,0.24,0.2,0.16,0.12,0.08,0.04,-2.220446e-16,-0.04
85,Current Density(mA/cm2)_d_Reverse_Light,../z7oECi9xQOiehkXONk1AUg/HZB_CR_W3_4_Cell-5.JV_CR03-05_rem_l1.jv.txt,z7oECi9xQOiehkXONk1AUg,w,Current Density(mA/cm2),d,Reverse,Light,20.00418,20.00418,20.00413,20.00407,20.00406,20.00408,19.9922,14.84306,10.70998,7.298268,4.043561,1.247455,-1.251273,-3.466862,-5.471137,-7.236253,-8.768644,-10.11009,-11.23574,-12.19077,-12.98197,-13.63893,-14.18299,-14.63914,-15.02831,-15.3594,-15.63619,-15.87832,-16.08515,-16.26401,-16.41716,-16.55526,-16.68253,-16.80436,-16.92309,-17.04033,-17.15633
86,Voltage (V)_d_Forward_Light,../z7oECi9xQOiehkXONk1AUg/HZB_CR_W3_4_Cell-5.JV_CR03-05_rem_l1.jv.txt,z7oECi9xQOiehkXONk1AUg,w,Voltage (V),d,Forward,Light,1.4,1.36,1.32,1.28,1.24,1.2,1.16,1.12,1.08,1.04,1.0,0.96,0.92,0.88,0.84,0.8,0.76,0.72,0.68,0.64,0.6,0.56,0.52,0.48,0.44,0.4,0.36,0.32,0.28,0.24,0.2,0.16,0.12,0.08,0.04,-2.220446e-16,-0.04
87,Current Density(mA/cm2)_d_Forward_Light,../z7oECi9xQOiehkXONk1AUg/HZB_CR_W3_4_Cell-5.JV_CR03-05_rem_l1.jv.txt,z7oECi9xQOiehkXONk1AUg,w,Current Density(mA/cm2),d,Forward,Light,20.00413,20.00415,20.0041,20.00409,20.004,20.00397,20.00397,17.84754,13.58156,10.12896,6.596351,3.325406,0.7607755,-1.623298,-3.910575,-5.949899,-7.74092,-9.290313,-10.51181,-11.58671,-12.48525,-13.22047,-13.83184,-14.35943,-14.80566,-15.19025,-15.51921,-15.80101,-16.04334,-16.24041,-16.4079,-16.55152,-16.68153,-16.80349,-16.92142,-17.03889,-17.15611
88,Voltage (V)_e_Reverse_Light,../z7oECi9xQOiehkXONk1AUg/HZB_CR_W3_4_Cell-5.JV_CR03-05_rem_l1.jv.txt,z7oECi9xQOiehkXONk1AUg,w,Voltage (V),e,Reverse,Light,1.4,1.36,1.32,1.28,1.24,1.2,1.16,1.12,1.08,1.04,1.0,0.96,0.92,0.88,0.84,0.8,0.76,0.72,0.68,0.64,0.6,0.56,0.52,0.48,0.44,0.4,0.36,0.32,0.28,0.24,0.2,0.16,0.12,0.08,0.04,-2.220446e-16,-0.04
89,Current Density(mA/cm2)_e_Reverse_Light,../z7oECi9xQOiehkXONk1AUg/HZB_CR_W3_4_Cell-5.JV_CR03-05_rem_l1.jv.txt,z7oECi9xQOiehkXONk1AUg,w,Current Density(mA/cm2),e,Reverse,Light,20.00421,20.00411,20.00414,18.41883,6.930023,-1.206012,-6.671702,-10.16853,-12.2552,-13.55011,-14.34617,-14.83856,-15.17653,-15.39609,-15.55012,-15.67061,-15.76051,-15.83964,-15.91768,-15.98858,-16.05093,-16.11049,-16.17538,-16.23631,-16.29734,-16.35835,-16.41913,-16.47648,-16.53777,-16.59762,-16.65805,-16.71851,-16.77812,-16.83745,-16.89739,-16.95725,-17.01747
90,Voltage (V)_e_Forward_Light,../z7oECi9xQOiehkXONk1AUg/HZB_CR_W3_4_Cell-5.JV_CR03-05_rem_l1.jv.txt,z7oECi9xQOiehkXONk1AUg,w,Voltage (V),e,Forward,Light,1.4,1.36,1.32,1.28,1.24,1.2,1.16,1.12,1.08,1.04,1.0,0.96,0.92,0.88,0.84,0.8,0.76,0.72,0.68,0.64,0.6,0.56,0.52,0.48,0.44,0.4,0.36,0.32,0.28,0.24,0.2,0.16,0.12,0.08,0.04,-2.220446e-16,-0.04
91,Current Density(mA/cm2)_e_Forward_Light,../z7oECi9xQOiehkXONk1AUg/HZB_CR_W3_4_Cell-5.JV_CR03-05_rem_l1.jv.txt,z7oECi9xQOiehkXONk1AUg,w,Current Density(mA/cm2),e,Forward,Light,20.00413,20.00415,20.0041,10.85046,0.2791698,-6.480908,-10.13708,-12.05149,-13.18219,-13.91709,-14.44644,-14.85508,-15.16279,-15.38427,-15.53975,-15.65589,-15.75312,-15.82675,-15.90459,-15.9764,-16.03929,-16.10347,-16.16498,-16.22509,-16.28776,-16.34795,-16.4085,-16.46958,-16.52897,-16.58896,-16.6505,-16.71145,-16.77299,-16.8335,-16.89459,-16.95551,-17.01676
92,Voltage (V)_f_Reverse_Light,../z7oECi9xQOiehkXONk1AUg/HZB_CR_W3_4_Cell-5.JV_CR03-05_rem_l1.jv.txt,z7oECi9xQOiehkXONk1AUg,w,Voltage (V),f,Reverse,Light,1.4,1.36,1.32,1.28,1.24,1.2,1.16,1.12,1.08,1.04,1.0,0.96,0.92,0.88,0.84,0.8,0.76,0.72,0.68,0.64,0.6,0.56,0.52,0.48,0.44,0.4,0.36,0.32,0.28,0.24,0.2,0.16,0.12,0.08,0.04,-2.220446e-16,-0.04
93,Current Density(mA/cm2)_f_Reverse_Light,../z7oECi9xQOiehkXONk1AUg/HZB_CR_W3_4_Cell-5.JV_CR03-05_rem_l1.jv.txt,z7oECi9xQOiehkXONk1AUg,w,Current Density(mA/cm2),f,Reverse,Light,20.00418,20.00408,20.00405,20.00403,20.00405,20.00401,20.00401,20.00404,20.00396,20.00395,20.00391,20.00391,20.0039,20.0039,20.00388,20.00384,20.00381,20.00383,20.00378,20.00379,20.00378,20.00378,20.00378,20.00376,20.00369,20.00367,20.00366,20.00365,20.00363,20.00363,20.00447,20.00425,13.61109,4.708826,-4.235416,-13.20797,-20.00667
94,Voltage (V)_f_Forward_Light,../z7oECi9xQOiehkXONk1AUg/HZB_CR_W3_4_Cell-5.JV_CR03-05_rem_l1.jv.txt,z7oECi9xQOiehkXONk1AUg,w,Voltage (V),f,Forward,Light,1.4,1.36,1.32,1.28,1.24,1.2,1.16,1.12,1.08,1.04,1.0,0.96,0.92,0.88,0.84,0.8,0.76,0.72,0.68,0.64,0.6,0.56,0.52,0.48,0.44,0.4,0.36,0.32,0.28,0.24,0.2,0.16,0.12,0.08,0.04,-2.220446e-16,-0.04
95,Current Density(mA/cm2)_f_Forward_Light,../z7oECi9xQOiehkXONk1AUg/HZB_CR_W3_4_Cell-5.JV_CR03-05_rem_l1.jv.txt,z7oECi9xQOiehkXONk1AUg,w,Current Density(mA/cm2),f,Forward,Light,20.00421,20.00417,20.0041,20.00418,20.0041,20.00411,20.00406,20.00406,20.00405,20.004,20.00397,20.00393,20.00391,20.0039,20.00392,20.00391,20.00387,20.00384,20.00383,20.00379,20.00378,20.00377,20.00371,20.00372,20.00368,20.00369,20.00365,20.00364,20.00361,20.00361,20.00443,20.00423,13.62839,4.706623,-4.237694,-13.20967,-20.00663
96,Voltage (V)_a_Reverse_Light,../z7oECi9xQOiehkXONk1AUg/HZB_CR_W3_4_Cell-6.JV_CR03-06_rem_l1.jv.txt,z7oECi9xQOiehkXONk1AUg,w,Voltage (V),a,Reverse,Light,1.4,1.36,1.32,1.28,1.24,1.2,1.16,1.12,1.08,1.04,1.0,0.96,0.92,0.88,0.84,0.8,0.76,0.72,0.68,0.64,0.6,0.56,0.52,0.48,0.44,0.4,0.36,0.32,0.28,0.24,0.2,0.16,0.12,0.08,0.04,-2.220446e-16,-0.04
97,Current Density(mA/cm2)_a_Reverse_Light,../z7oECi9xQOiehkXONk1AUg/HZB_CR_W3_4_Cell-6.JV_CR03-06_rem_l1.jv.txt,z7oECi9xQOiehkXONk1AUg,w,Current Density(mA/cm2),a,Reverse,Light,20.00508,20.00517,20.00519,20.00526,20.00518,20.00527,20.00522,16.06211,10.78757,6.987732,3.293446,0.7431366,-1.596133,-3.970983,-5.783814,-7.265083,-8.541493,-9.623891,-10.49695,-11.47448,-12.43014,-13.33721,-14.14114,-14.79658,-15.28846,-15.65462,-15.92943,-16.15551,-16.34328,-16.51133,-16.66736,-16.81428,-16.95294,-17.08502,-17.21228,-17.33709,-17.4589
98,Voltage (V)_a_Forward_Light,../z7oECi9xQOiehkXONk1AUg/HZB_CR_W3_4_Cell-6.JV_CR03-06_rem_l1.jv.txt,z7oECi9xQOiehkXONk1AUg,w,Voltage (V),a,Forward,Light,1.4,1.36,1.32,1.28,1.24,1.2,1.16,1.12,1.08,1.04,1.0,0.96,0.92,0.88,0.84,0.8,0.76,0.72,0.68,0.64,0.6,0.56,0.52,0.48,0.44,0.4,0.36,0.32,0.28,0.24,0.2,0.16,0.12,0.08,0.04,-2.220446e-16,-0.04
99,Current Density(mA/cm2)_a_Forward_Light,../z7oECi9xQOiehkXONk1AUg/HZB_CR_W3_4_Cell-6.JV_CR03-06_rem_l1.jv.txt,z7oECi9xQOiehkXONk1AUg,w,Current Density(mA/cm2),a,Forward,Light,20.00529,20.00532,20.00526,20.00527,20.00513,20.00517,19.84317,15.22903,10.84811,7.975838,4.4735,1.244922,-1.967102,-3.12843,-5.270058,-7.112973,-8.725146,-10.23472,-11.09727,-12.10195,-12.96939,-13.72956,-14.36667,-14.90789,-15.34405,-15.69592,-15.96755,-16.18634,-16.36775,-16.52809,-16.67894,-16.81891,-16.95018,-17.08269,-17.20967,-17.3333,-17.45817
100,Voltage (V)_b_Reverse_Light,../z7oECi9xQOiehkXONk1AUg/HZB_CR_W3_4_Cell-6.JV_CR03-06_rem_l1.jv.txt,z7oECi9xQOiehkXONk1AUg,w,Voltage (V),b,Reverse,Light,1.4,1.36,1.32,1.28,1.24,1.2,1.16,1.12,1.08,1.04,1.0,0.96,0.92,0.88,0.84,0.8,0.76,0.72,0.68,0.64,0.6,0.56,0.52,0.48,0.44,0.4,0.36,0.32,0.28,0.24,0.2,0.16,0.12,0.08,0.04,-2.220446e-16,-0.04
101,Current Density(mA/cm2)_b_Reverse_Light,../z7oECi9xQOiehkXONk1AUg/HZB_CR_W3_4_Cell-6.JV_CR03-06_rem_l1.jv.txt,z7oECi9xQOiehkXONk1AUg,w,Current Density(mA/cm2),b,Reverse,Light,20.00527,20.00532,20.0053,20.0052,20.00526,20.00522,20.00516,20.00512,20.00515,20.0051,20.00507,13.17059,7.623833,2.788231,-0.665268,-3.559015,-6.014454,-7.900276,-9.440753,-10.6506,-11.70454,-12.58874,-13.30817,-13.90733,-14.41238,-14.83834,-15.20278,-15.52453,-15.81759,-16.09426,-16.34218,-16.59957,-16.85231,-17.10433,-17.35498,-17.60431,-17.8544
102,Voltage (V)_b_Forward_Light,../z7oECi9xQOiehkXONk1AUg/HZB_CR_W3_4_Cell-6.JV_CR03-06_rem_l1.jv.txt,z7oECi9xQOiehkXONk1AUg,w,Voltage (V),b,Forward,Light,1.4,1.36,1.32,1.28,1.24,1.2,1.16,1.12,1.08,1.04,1.0,0.96,0.92,0.88,0.84,0.8,0.76,0.72,0.68,0.64,0.6,0.56,0.52,0.48,0.44,0.4,0.36,0.32,0.28,0.24,0.2,0.16,0.12,0.08,0.04,-2.220446e-16,-0.04
103,Current Density(mA/cm2)_b_Forward_Light,../z7oECi9xQOiehkXONk1AUg/HZB_CR_W3_4_Cell-6.JV_CR03-06_rem_l1.jv.txt,z7oECi9xQOiehkXONk1AUg,w,Current Density(mA/cm2),b,Forward,Light,20.00527,20.00524,20.00524,20.00524,20.00519,20.0052,20.00514,20.00512,20.00507,20.00507,20.00505,16.69351,10.5264,6.198586,2.111749,-1.235516,-3.903297,-6.162518,-8.033445,-9.650135,-10.83987,-11.94646,-12.86818,-13.5924,-14.1891,-14.6797,-15.09058,-15.44579,-15.75477,-16.04836,-16.32143,-16.57863,-16.84299,-17.09581,-17.34793,-17.60125,-17.85363
104,Voltage (V)_c_Reverse_Light,../z7oECi9xQOiehkXONk1AUg/HZB_CR_W3_4_Cell-6.JV_CR03-06_rem_l1.jv.txt,z7oECi9xQOiehkXONk1AUg,w,Voltage (V),c,Reverse,Light,1.4,1.36,1.32,1.28,1.24,1.2,1.16,1.12,1.08,1.04,1.0,0.96,0.92,0.88,0.84,0.8,0.76,0.72,0.68,0.64,0.6,0.56,0.52,0.48,0.44,0.4,0.36,0.32,0.28,0.24,0.2,0.16,0.12,0.08,0.04,-2.220446e-16,-0.04
105,Current Density(mA/cm2)_c_Reverse_Light,../z7oECi9xQOiehkXONk1AUg/HZB_CR_W3_4_Cell-6.JV_CR03-06_rem_l1.jv.txt,z7oECi9xQOiehkXONk1AUg,w,Current Density(mA/cm2),c,Reverse,Light,20.00525,20.00531,20.00522,20.00532,20.00517,20.00518,20.00515,20.00511,20.00513,20.00513,20.00508,20.00504,20.005,20.00504,20.00501,20.00497,20.00502,20.00497,20.00497,20.00497,20.00491,20.00493,20.00487,20.00486,20.00489,20.00483,20.0048,16.99359,13.25578,9.304681,5.256224,1.237188,-2.839469,-7.010923,-11.19709,-15.45012,-19.74536
106,Voltage (V)_c_Forward_Light,../z7oECi9xQOiehkXONk1AUg/HZB_CR_W3_4_Cell-6.JV_CR03-06_rem_l1.jv.txt,z7oECi9xQOiehkXONk1AUg,w,Voltage (V),c,Forward,Light,1.4,1.36,1.32,1.28,1.24,1.2,1.16,1.12,1.08,1.04,1.0,0.96,0.92,0.88,0.84,0.8,0.76,0.72,0.68,0.64,0.6,0.56,0.52,0.48,0.44,0.4,0.36,0.32,0.28,0.24,0.2,0.16,0.12,0.08,0.04,-2.220446e-16,-0.04
107,Current Density(mA/cm2)_c_Forward_Light,../z7oECi9xQOiehkXONk1AUg/HZB_CR_W3_4_Cell-6.JV_CR03-06_rem_l1.jv.txt,z7oECi9xQOiehkXONk1AUg,w,Current Density(mA/cm2),c,Forward,Light,20.0053,20.00529,18.26202,10.36622,6.000804,3.006953,0.4317902,-0.1875042,-1.007176,-2.755781,20.00504,20.00509,20.0051,20.00509,20.00503,20.00501,20.00499,20.00499,20.00499,20.00491,20.00489,20.0049,20.00486,20.00488,20.00479,20.00484,14.95302,11.6161,9.021442,9.278136,5.314496,1.342897,-2.804359,-6.947591,-11.18266,-15.44333,-19.74806
108,Voltage (V)_d_Reverse_Light,../z7oECi9xQOiehkXONk1AUg/HZB_CR_W3_4_Cell-6.JV_CR03-06_rem_l1.jv.txt,z7oECi9xQOiehkXONk1AUg,w,Voltage (V),d,Reverse,Light,1.4,1.36,1.32,1.28,1.24,1.2,1.16,1.12,1.08,1.04,1.0,0.96,0.92,0.88,0.84,0.8,0.76,0.72,0.68,0.64,0.6,0.56,0.52,0.48,0.44,0.4,0.36,0.32,0.28,0.24,0.2,0.16,0.12,0.08,0.04,-2.220446e-16,-0.04
109,Current Density(mA/cm2)_d_Reverse_Light,../z7oECi9xQOiehkXONk1AUg/HZB_CR_W3_4_Cell-6.JV_CR03-06_rem_l1.jv.txt,z7oECi9xQOiehkXONk1AUg,w,Current Density(mA/cm2),d,Reverse,Light,20.00531,20.00531,20.00527,20.00521,20.00522,20.00522,15.35676,10.04128,5.67466,1.49871,-2.02528,-5.064813,-7.646341,-9.797391,-11.52181,-12.92622,-14.00393,-14.8174,-15.41948,-15.85304,-16.15828,-16.37259,-16.52543,-16.6408,-16.73435,-16.81146,-16.8794,-16.93806,-16.99414,-17.04705,-17.09889,-17.14904,-17.19916,-17.24835,-17.29732,-17.34667,-17.39515
110,Voltage (V)_d_Forward_Light,../z7oECi9xQOiehkXONk1AUg/HZB_CR_W3_4_Cell-6.JV_CR03-06_rem_l1.jv.txt,z7oECi9xQOiehkXONk1AUg,w,Voltage (V),d,Forward,Light,1.4,1.36,1.32,1.28,1.24,1.2,1.16,1.12,1.08,1.04,1.0,0.96,0.92,0.88,0.84,0.8,0.76,0.72,0.68,0.64,0.6,0.56,0.52,0.48,0.44,0.4,0.36,0.32,0.28,0.24,0.2,0.16,0.12,0.08,0.04,-2.220446e-16,-0.04
111,Current Density(mA/cm2)_d_Forward_Light,../z7oECi9xQOiehkXONk1AUg/HZB_CR_W3_4_Cell-6.JV_CR03-06_rem_l1.jv.txt,z7oECi9xQOiehkXONk1AUg,w,Current Density(mA/cm2),d,Forward,Light,20.00526,20.00529,20.00525,20.00522,20.00517,20.00516,16.69916,11.46208,7.268756,2.918146,-0.4941947,-3.472673,-6.368193,-8.888211,-10.71866,-12.32471,-13.57669,-14.53016,-15.23871,-15.75109,-16.10779,-16.35099,-16.51901,-16.63988,-16.73514,-16.81275,-16.8799,-16.94054,-16.99502,-17.04743,-17.09855,-17.14841,-17.19848,-17.24738,-17.2957,-17.34518,-17.39405
112,Voltage (V)_e_Reverse_Light,../z7oECi9xQOiehkXONk1AUg/HZB_CR_W3_4_Cell-6.JV_CR03-06_rem_l1.jv.txt,z7oECi9xQOiehkXONk1AUg,w,Voltage (V),e,Reverse,Light,1.4,1.36,1.32,1.28,1.24,1.2,1.16,1.12,1.08,1.04,1.0,0.96,0.92,0.88,0.84,0.8,0.76,0.72,0.68,0.64,0.6,0.56,0.52,0.48,0.44,0.4,0.36,0.32,0.28,0.24,0.2,0.16,0.12,0.08,0.04,-2.220446e-16,-0.04
113,Current Density(mA/cm2)_e_Reverse_Light,../z7oECi9xQOiehkXONk1AUg/HZB_CR_W3_4_Cell-6.JV_CR03-06_rem_l1.jv.txt,z7oECi9xQOiehkXONk1AUg,w,Current Density(mA/cm2),e,Reverse,Light,20.00526,20.0053,20.00519,20.00517,20.00515,20.00518,20.00515,20.00515,20.00524,20.00508,20.00507,20.00508,20.00505,20.005,20.00505,20.00495,20.00498,20.00494,20.00491,20.00494,20.00493,20.00491,20.00489,20.0049,20.00481,20.00481,20.00478,16.97248,12.62594,8.401786,4.226041,0.1211847,-3.856414,-7.868124,-11.82571,-15.75952,-19.66869
114,Voltage (V)_e_Forward_Light,../z7oECi9xQOiehkXONk1AUg/HZB_CR_W3_4_Cell-6.JV_CR03-06_rem_l1.jv.txt,z7oECi9xQOiehkXONk1AUg,w,Voltage (V),e,Forward,Light,1.4,1.36,1.32,1.28,1.24,1.2,1.16,1.12,1.08,1.04,1.0,0.96,0.92,0.88,0.84,0.8,0.76,0.72,0.68,0.64,0.6,0.56,0.52,0.48,0.44,0.4,0.36,0.32,0.28,0.24,0.2,0.16,0.12,0.08,0.04,-2.220446e-16,-0.04
115,Current Density(mA/cm2)_e_Forward_Light,../z7oECi9xQOiehkXONk1AUg/HZB_CR_W3_4_Cell-6.JV_CR03-06_rem_l1.jv.txt,z7oECi9xQOiehkXONk1AUg,w,Current Density(mA/cm2),e,Forward,Light,20.00525,20.0053,20.00528,20.00522,20.00517,20.00513,20.00517,20.00513,20.00512,20.0051,20.00518,20.00517,20.00508,20.00501,20.00503,20.00498,20.00498,20.00497,20.00496,20.00496,20.0049,20.00488,20.00483,20.00485,20.00483,20.00479,20.00476,17.26227,12.86733,8.638952,4.417963,0.2919161,-3.786301,-7.82648,-11.80504,-15.75309,-19.67019
116,Voltage (V)_f_Reverse_Light,../z7oECi9xQOiehkXONk1AUg/HZB_CR_W3_4_Cell-6.JV_CR03-06_rem_l1.jv.txt,z7oECi9xQOiehkXONk1AUg,w,Voltage (V),f,Reverse,Light,1.4,1.36,1.32,1.28,1.24,1.2,1.16,1.12,1.08,1.04,1.0,0.96,0.92,0.88,0.84,0.8,0.76,0.72,0.68,0.64,0.6,0.56,0.52,0.48,0.44,0.4,0.36,0.32,0.28,0.24,0.2,0.16,0.12,0.08,0.04,-2.220446e-16,-0.04
117,Current Density(mA/cm2)_f_Reverse_Light,../z7oECi9xQOiehkXONk1AUg/HZB_CR_W3_4_Cell-6.JV_CR03-06_rem_l1.jv.txt,z7oECi9xQOiehkXONk1AUg,w,Current Density(mA/cm2),f,Reverse,Light,20.00534,20.00532,20.00532,20.00526,20.00532,19.25251,12.85961,7.921265,3.539781,0.1977893,-2.842972,-5.529822,-7.72419,-9.577259,-11.09894,-12.42319,-13.49556,-14.33861,-14.97209,-15.43098,-15.74871,-15.96737,-16.10901,-16.2143,-16.28456,-16.33952,-16.37722,-16.40505,-16.4289,-16.44626,-16.46258,-16.47848,-16.49226,-16.50525,-16.51814,-16.53051,-16.54262
118,Voltage (V)_f_Forward_Light,../z7oECi9xQOiehkXONk1AUg/HZB_CR_W3_4_Cell-6.JV_CR03-06_rem_l1.jv.txt,z7oECi9xQOiehkXONk1AUg,w,Voltage (V),f,Forward,Light,1.4,1.36,1.32,1.28,1.24,1.2,1.16,1.12,1.08,1.04,1.0,0.96,0.92,0.88,0.84,0.8,0.76,0.72,0.68,0.64,0.6,0.56,0.52,0.48,0.44,0.4,0.36,0.32,0.28,0.24,0.2,0.16,0.12,0.08,0.04,-2.220446e-16,-0.04
119,Current Density(mA/cm2)_f_Forward_Light,../z7oECi9xQOiehkXONk1AUg/HZB_CR_W3_4_Cell-6.JV_CR03-06_rem_l1.jv.txt,z7oECi9xQOiehkXONk1AUg,w,Current Density(mA/cm2),f,Forward,Light,20.00531,20.00525,20.00524,20.00527,20.00522,19.9736,14.46638,10.06027,5.795272,1.98202,-1.406486,-3.766053,-6.248605,-8.430175,-10.0918,-11.61397,-12.89051,-13.92329,-14.7182,-15.29391,-15.68837,-15.94317,-16.11076,-16.21976,-16.29602,-16.34808,-16.38755,-16.41405,-16.43573,-16.45265,-16.46627,-16.47995,-16.49103,-16.5034,-16.51517,-16.52748,-16.5411
120,Voltage (V)_a_Reverse_Light,../z7oECi9xQOiehkXONk1AUg/HZB_CR_W3_9_Cell-13.JV_CR03-13_rem_l1.jv.txt,z7oECi9xQOiehkXONk1AUg,w,Voltage (V),a,Reverse,Light,1.4,1.36,1.32,1.28,1.24,1.2,1.16,1.12,1.08,1.04,1.0,0.96,0.92,0.88,0.84,0.8,0.76,0.72,0.68,0.64,0.6,0.56,0.52,0.48,0.44,0.4,0.36,0.32,0.28,0.24,0.2,0.16,0.12,0.08,0.04,-2.220446e-16,-0.04
121,Current Density(mA/cm2)_a_Reverse_Light,../z7oECi9xQOiehkXONk1AUg/HZB_CR_W3_9_Cell-13.JV_CR03-13_rem_l1.jv.txt,z7oECi9xQOiehkXONk1AUg,w,Current Density(mA/cm2),a,Reverse,Light,20.00537,20.0053,20.00529,20.00529,12.3786,4.969658,-0.6806586,-4.823052,-7.981797,-10.29416,-11.97333,-13.22784,-14.14159,-14.79503,-15.25182,-15.55936,-15.75894,-15.89088,-15.9797,-16.04307,-16.092,-16.13027,-16.16369,-16.19167,-16.21785,-16.23895,-16.25861,-16.27752,-16.29652,-16.31184,-16.32707,-16.34238,-16.3559,-16.36952,-16.38081,-16.39287,-16.40559
122,Voltage (V)_a_Forward_Light,../z7oECi9xQOiehkXONk1AUg/HZB_CR_W3_9_Cell-13.JV_CR03-13_rem_l1.jv.txt,z7oECi9xQOiehkXONk1AUg,w,Voltage (V),a,Forward,Light,1.4,1.36,1.32,1.28,1.24,1.2,1.16,1.12,1.08,1.04,1.0,0.96,0.92,0.88,0.84,0.8,0.76,0.72,0.68,0.64,0.6,0.56,0.52,0.48,0.44,0.4,0.36,0.32,0.28,0.24,0.2,0.16,0.12,0.08,0.04,-2.220446e-16,-0.04
123,Current Density(mA/cm2)_a_Forward_Light,../z7oECi9xQOiehkXONk1AUg/HZB_CR_W3_9_Cell-13.JV_CR03-13_rem_l1.jv.txt,z7oECi9xQOiehkXONk1AUg,w,Current Density(mA/cm2),a,Forward,Light,20.00527,20.00523,20.00518,20.00526,7.845786,1.123218,-2.86576,-5.418061,-7.318902,-9.038466,-10.24644,-11.72863,-13.13183,-14.28961,-15.06373,-15.497,-15.72753,-15.85976,-15.94651,-16.01198,-16.06217,-16.10138,-16.13411,-16.1607,-16.18256,-16.20105,-16.21832,-16.23358,-16.25033,-16.2653,-16.28109,-16.29647,-16.31388,-16.33149,-16.34937,-16.36989,-16.3964
124,Voltage (V)_b_Reverse_Light,../z7oECi9xQOiehkXONk1AUg/HZB_CR_W3_9_Cell-13.JV_CR03-13_rem_l1.jv.txt,z7oECi9xQOiehkXONk1AUg,w,Voltage (V),b,Reverse,Light,1.4,1.36,1.32,1.28,1.24,1.2,1.16,1.12,1.08,1.04,1.0,0.96,0.92,0.88,0.84,0.8,0.76,0.72,0.68,0.64,0.6,0.56,0.52,0.48,0.44,0.4,0.36,0.32,0.28,0.24,0.2,0.16,0.12,0.08,0.04,-2.220446e-16,-0.04
125,Current Density(mA/cm2)_b_Reverse_Light,../z7oECi9xQOiehkXONk1AUg/HZB_CR_W3_9_Cell-13.JV_CR03-13_rem_l1.jv.txt,z7oECi9xQOiehkXONk1AUg,w,Current Density(mA/cm2),b,Reverse,Light,20.00529,20.00522,20.00523,20.00526,20.00521,12.13999,4.022313,-1.810695,-5.86416,-8.727923,-10.68383,-12.05102,-12.9732,-13.62776,-14.12044,-14.48181,-14.77433,-14.99189,-15.18453,-15.3363,-15.47355,-15.59201,-15.71008,-15.81079,-15.90578,-15.9972,-16.08656,-16.16452,-16.24188,-16.32209,-16.4002,-16.47567,-16.55293,-16.63243,-16.71027,-16.79305,-16.87979
126,Voltage (V)_b_Forward_Light,../z7oECi9xQOiehkXONk1AUg/HZB_CR_W3_9_Cell-13.JV_CR03-13_rem_l1.jv.txt,z7oECi9xQOiehkXONk1AUg,w,Voltage (V),b,Forward,Light,1.4,1.36,1.32,1.28,1.24,1.2,1.16,1.12,1.08,1.04,1.0,0.96,0.92,0.88,0.84,0.8,0.76,0.72,0.68,0.64,0.6,0.56,0.52,0.48,0.44,0.4,0.36,0.32,0.28,0.24,0.2,0.16,0.12,0.08,0.04,-2.220446e-16,-0.04
127,Current Density(mA/cm2)_b_Forward_Light,../z7oECi9xQOiehkXONk1AUg/HZB_CR_W3_9_Cell-13.JV_CR03-13_rem_l1.jv.txt,z7oECi9xQOiehkXONk1AUg,w,Current Density(mA/cm2),b,Forward,Light,20.00529,20.0053,20.00522,20.00521,14.7008,6.090065,1.151987,-2.192796,-4.796943,-7.07768,-9.202327,-10.87729,-12.24879,-13.17991,-13.76337,-14.18323,-14.48448,-14.72409,-14.9292,-15.10662,-15.26017,-15.40403,-15.53331,-15.65086,-15.76461,-15.86296,-15.9655,-16.05761,-16.15416,-16.24516,-16.33365,-16.42507,-16.51139,-16.60058,-16.69178,-16.78222,-16.87596
128,Voltage (V)_c_Reverse_Light,../z7oECi9xQOiehkXONk1AUg/HZB_CR_W3_9_Cell-13.JV_CR03-13_rem_l1.jv.txt,z7oECi9xQOiehkXONk1AUg,w,Voltage (V),c,Reverse,Light,1.4,1.36,1.32,1.28,1.24,1.2,1.16,1.12,1.08,1.04,1.0,0.96,0.92,0.88,0.84,0.8,0.76,0.72,0.68,0.64,0.6,0.56,0.52,0.48,0.44,0.4,0.36,0.32,0.28,0.24,0.2,0.16,0.12,0.08,0.04,-2.220446e-16,-0.04
129,Current Density(mA/cm2)_c_Reverse_Light,../z7oECi9xQOiehkXONk1AUg/HZB_CR_W3_9_Cell-13.JV_CR03-13_rem_l1.jv.txt,z7oECi9xQOiehkXONk1AUg,w,Current Density(mA/cm2),c,Reverse,Light,20.00526,20.0053,20.00522,20.00519,20.00523,17.26217,6.287469,-1.973741,-7.609386,-11.12106,-13.23255,-14.48135,-15.25889,-15.75705,-16.08039,-16.28939,-16.42259,-16.50759,-16.56409,-16.60355,-16.63359,-16.65881,-16.67855,-16.69462,-16.70927,-16.72295,-16.73339,-16.74365,-16.75298,-16.76148,-16.7698,-16.77665,-16.78308,-16.7894,-16.79498,-16.80087,-16.80609
130,Voltage (V)_c_Forward_Light,../z7oECi9xQOiehkXONk1AUg/HZB_CR_W3_9_Cell-13.JV_CR03-13_rem_l1.jv.txt,z7oECi9xQOiehkXONk1AUg,w,Voltage (V),c,Forward,Light,1.4,1.36,1.32,1.28,1.24,1.2,1.16,1.12,1.08,1.04,1.0,0.96,0.92,0.88,0.84,0.8,0.76,0.72,0.68,0.64,0.6,0.56,0.52,0.48,0.44,0.4,0.36,0.32,0.28,0.24,0.2,0.16,0.12,0.08,0.04,-2.220446e-16,-0.04
131,Current Density(mA/cm2)_c_Forward_Light,../z7oECi9xQOiehkXONk1AUg/HZB_CR_W3_9_Cell-13.JV_CR03-13_rem_l1.jv.txt,z7oECi9xQOiehkXONk1AUg,w,Current Density(mA/cm2),c,Forward,Light,20.00522,20.00527,20.00517,20.00517,17.00448,5.151837,-2.052077,-6.846847,-10.08952,-12.46239,-14.17677,-15.25381,-15.8361,-16.13043,-16.29297,-16.39318,-16.46182,-16.51037,-16.54892,-16.57892,-16.60163,-16.61958,-16.63646,-16.65142,-16.66446,-16.67735,-16.68972,-16.70117,-16.71262,-16.72328,-16.73443,-16.74531,-16.75668,-16.76695,-16.77773,-16.78923,-16.80171
132,Voltage (V)_d_Reverse_Light,../z7oECi9xQOiehkXONk1AUg/HZB_CR_W3_9_Cell-13.JV_CR03-13_rem_l1.jv.txt,z7oECi9xQOiehkXONk1AUg,w,Voltage (V),d,Reverse,Light,1.4,1.36,1.32,1.28,1.24,1.2,1.16,1.12,1.08,1.04,1.0,0.96,0.92,0.88,0.84,0.8,0.76,0.72,0.68,0.64,0.6,0.56,0.52,0.48,0.44,0.4,0.36,0.32,0.28,0.24,0.2,0.16,0.12,0.08,0.04,-2.220446e-16,-0.04
133,Current Density(mA/cm2)_d_Reverse_Light,../z7oECi9xQOiehkXONk1AUg/HZB_CR_W3_9_Cell-13.JV_CR03-13_rem_l1.jv.txt,z7oECi9xQOiehkXONk1AUg,w,Current Density(mA/cm2),d,Reverse,Light,20.00522,20.0052,20.0052,20.00519,20.00513,20.00512,20.00514,20.00509,20.00505,20.00509,20.00509,20.00503,20.00503,20.005,20.00497,20.00497,20.00496,20.00494,20.00491,20.00487,20.00485,20.00485,20.00492,20.00484,20.00482,20.00486,20.0048,20.00482,13.93296,8.021572,2.83319,-1.638848,-5.545453,-9.025704,-12.18656,-15.24173,-18.33872
134,Voltage (V)_d_Forward_Light,../z7oECi9xQOiehkXONk1AUg/HZB_CR_W3_9_Cell-13.JV_CR03-13_rem_l1.jv.txt,z7oECi9xQOiehkXONk1AUg,w,Voltage (V),d,Forward,Light,1.4,1.36,1.32,1.28,1.24,1.2,1.16,1.12,1.08,1.04,1.0,0.96,0.92,0.88,0.84,0.8,0.76,0.72,0.68,0.64,0.6,0.56,0.52,0.48,0.44,0.4,0.36,0.32,0.28,0.24,0.2,0.16,0.12,0.08,0.04,-2.220446e-16,-0.04
135,Current Density(mA/cm2)_d_Forward_Light,../z7oECi9xQOiehkXONk1AUg/HZB_CR_W3_9_Cell-13.JV_CR03-13_rem_l1.jv.txt,z7oECi9xQOiehkXONk1AUg,w,Current Density(mA/cm2),d,Forward,Light,20.00529,20.00533,20.00527,20.00527,20.00521,20.00527,20.00527,20.00518,20.0052,20.00512,20.00512,20.00509,20.00507,20.00503,20.00504,20.00509,20.00502,20.005,20.00492,20.00497,20.00495,20.00492,20.00488,20.00485,20.00485,20.00477,20.00476,20.00475,16.08739,9.84138,4.20388,-0.5760614,-4.796603,-8.610323,-11.99728,-15.18851,-18.3497
136,Voltage (V)_e_Reverse_Light,../z7oECi9xQOiehkXONk1AUg/HZB_CR_W3_9_Cell-13.JV_CR03-13_rem_l1.jv.txt,z7oECi9xQOiehkXONk1AUg,w,Voltage (V),e,Reverse,Light,1.4,1.36,1.32,1.28,1.24,1.2,1.16,1.12,1.08,1.04,1.0,0.96,0.92,0.88,0.84,0.8,0.76,0.72,0.68,0.64,0.6,0.56,0.52,0.48,0.44,0.4,0.36,0.32,0.28,0.24,0.2,0.16,0.12,0.08,0.04,-2.220446e-16,-0.04
137,Current Density(mA/cm2)_e_Reverse_Light,../z7oECi9xQOiehkXONk1AUg/HZB_CR_W3_9_Cell-13.JV_CR03-13_rem_l1.jv.txt,z7oECi9xQOiehkXONk1AUg,w,Current Density(mA/cm2),e,Reverse,Light,20.00538,20.00538,20.0053,20.00529,20.00527,12.61254,3.465903,-3.116565,-7.461483,-10.23951,-11.9838,-13.16785,-14.00301,-14.62634,-15.0999,-15.46219,-15.73038,-15.92068,-16.05514,-16.14729,-16.21101,-16.25572,-16.28935,-16.31358,-16.33567,-16.35476,-16.37079,-16.38466,-16.39704,-16.40978,-16.41979,-16.43091,-16.44003,-16.44922,-16.45867,-16.4677,-16.47621
138,Voltage (V)_e_Forward_Light,../z7oECi9xQOiehkXONk1AUg/HZB_CR_W3_9_Cell-13.JV_CR03-13_rem_l1.jv.txt,z7oECi9xQOiehkXONk1AUg,w,Voltage (V),e,Forward,Light,1.4,1.36,1.32,1.28,1.24,1.2,1.16,1.12,1.08,1.04,1.0,0.96,0.92,0.88,0.84,0.8,0.76,0.72,0.68,0.64,0.6,0.56,0.52,0.48,0.44,0.4,0.36,0.32,0.28,0.24,0.2,0.16,0.12,0.08,0.04,-2.220446e-16,-0.04
139,Current Density(mA/cm2)_e_Forward_Light,../z7oECi9xQOiehkXONk1AUg/HZB_CR_W3_9_Cell-13.JV_CR03-13_rem_l1.jv.txt,z7oECi9xQOiehkXONk1AUg,w,Current Density(mA/cm2),e,Forward,Light,20.0053,20.00524,20.00527,20.00523,9.872704,1.933705,-2.795217,-5.74989,-7.843088,-9.614081,-10.76301,-12.07748,-13.21694,-14.15741,-14.87391,-15.3572,-15.65277,-15.83061,-15.94194,-16.01951,-16.07657,-16.12012,-16.15521,-16.18476,-16.20908,-16.23292,-16.25473,-16.27316,-16.2928,-16.31308,-16.33286,-16.35103,-16.3707,-16.39212,-16.41334,-16.43635,-16.465
140,Voltage (V)_f_Reverse_Light,../z7oECi9xQOiehkXONk1AUg/HZB_CR_W3_9_Cell-13.JV_CR03-13_rem_l1.jv.txt,z7oECi9xQOiehkXONk1AUg,w,Voltage (V),f,Reverse,Light,1.4,1.36,1.32,1.28,1.24,1.2,1.16,1.12,1.08,1.04,1.0,0.96,0.92,0.88,0.84,0.8,0.76,0.72,0.68,0.64,0.6,0.56,0.52,0.48,0.44,0.4,0.36,0.32,0.28,0.24,0.2,0.16,0.12,0.08,0.04,-2.220446e-16,-0.04
141,Current Density(mA/cm2)_f_Reverse_Light,../z7oECi9xQOiehkXONk1AUg/HZB_CR_W3_9_Cell-13.JV_CR03-13_rem_l1.jv.txt,z7oECi9xQOiehkXONk1AUg,w,Current Density(mA/cm2),f,Reverse,Light,20.00542,20.00528,20.00526,20.00526,20.00521,12.85295,3.116428,-3.919941,-8.540648,-11.34253,-13.08886,-14.18879,-14.95308,-15.509,-15.91259,-16.19532,-16.38556,-16.50826,-16.58662,-16.63768,-16.67276,-16.69852,-16.71675,-16.73144,-16.74335,-16.75325,-16.76252,-16.77018,-16.77727,-16.78322,-16.78892,-16.79418,-16.79913,-16.80515,-16.80897,-16.81319,-16.81744
142,Voltage (V)_f_Forward_Light,../z7oECi9xQOiehkXONk1AUg/HZB_CR_W3_9_Cell-13.JV_CR03-13_rem_l1.jv.txt,z7oECi9xQOiehkXONk1AUg,w,Voltage (V),f,Forward,Light,1.4,1.36,1.32,1.28,1.24,1.2,1.16,1.12,1.08,1.04,1.0,0.96,0.92,0.88,0.84,0.8,0.76,0.72,0.68,0.64,0.6,0.56,0.52,0.48,0.44,0.4,0.36,0.32,0.28,0.24,0.2,0.16,0.12,0.08,0.04,-2.220446e-16,-0.04
143,Current Density(mA/cm2)_f_Forward_Light,../z7oECi9xQOiehkXONk1AUg/HZB_CR_W3_9_Cell-13.JV_CR03-13_rem_l1.jv.txt,z7oECi9xQOiehkXONk1AUg,w,Current Density(mA/cm2),f,Forward,Light,20.0053,20.00524,20.00524,20.00523,10.21086,1.383231,-4.017935,-7.477665,-10.01425,-11.75094,-13.30206,-14.50512,-15.34982,-15.8748,-16.1754,-16.34125,-16.43777,-16.50027,-16.54492,-16.57826,-16.60487,-16.625,-16.64161,-16.65659,-16.66955,-16.68069,-16.69252,-16.70428,-16.71595,-16.72671,-16.73748,-16.74876,-16.76087,-16.77248,-16.78354,-16.79672,-16.81123
144,Voltage (V)_a_Reverse_Light,../z7oECi9xQOiehkXONk1AUg/HZB_CR_W3_10_Cell-14.JV_CR03-14_rem_l1.jv.txt,z7oECi9xQOiehkXONk1AUg,w,Voltage (V),a,Reverse,Light,1.4,1.36,1.32,1.28,1.24,1.2,1.16,1.12,1.08,1.04,1.0,0.96,0.92,0.88,0.84,0.8,0.76,0.72,0.68,0.64,0.6,0.56,0.52,0.48,0.44,0.4,0.36,0.32,0.28,0.24,0.2,0.16,0.12,0.08,0.04,-2.220446e-16,-0.04
145,Current Density(mA/cm2)_a_Reverse_Light,../z7oECi9xQOiehkXONk1AUg/HZB_CR_W3_10_Cell-14.JV_CR03-14_rem_l1.jv.txt,z7oECi9xQOiehkXONk1AUg,w,Current Density(mA/cm2),a,Reverse,Light,20.00549,20.00543,20.00543,20.0055,20.00545,20.0054,20.00536,20.00535,20.00534,20.0053,20.00529,20.00527,20.00524,20.00521,20.00521,20.00521,20.00516,20.00516,20.00516,20.00518,20.0051,20.00511,20.00509,20.00508,20.00502,20.00503,20.00504,20.005,19.35613,14.03715,8.97689,3.964973,-0.9483163,-5.794218,-10.63422,-15.49195,-20.00527
146,Voltage (V)_a_Forward_Light,../z7oECi9xQOiehkXONk1AUg/HZB_CR_W3_10_Cell-14.JV_CR03-14_rem_l1.jv.txt,z7oECi9xQOiehkXONk1AUg,w,Voltage (V),a,Forward,Light,1.4,1.36,1.32,1.28,1.24,1.2,1.16,1.12,1.08,1.04,1.0,0.96,0.92,0.88,0.84,0.8,0.76,0.72,0.68,0.64,0.6,0.56,0.52,0.48,0.44,0.4,0.36,0.32,0.28,0.24,0.2,0.16,0.12,0.08,0.04,-2.220446e-16,-0.04
147,Current Density(mA/cm2)_a_Forward_Light,../z7oECi9xQOiehkXONk1AUg/HZB_CR_W3_10_Cell-14.JV_CR03-14_rem_l1.jv.txt,z7oECi9xQOiehkXONk1AUg,w,Current Density(mA/cm2),a,Forward,Light,20.00546,20.00543,20.00545,20.00545,20.00538,20.00545,20.00538,20.00535,20.00536,20.00533,20.00533,20.00529,20.00525,20.0052,20.00525,20.0052,20.00519,20.00515,20.00519,20.00513,20.00509,20.00509,20.00509,20.00513,20.005,20.00504,20.005,20.00496,20.00499,14.78956,9.481584,4.381228,-0.7635493,-5.704332,-10.60086,-15.48623,-20.00518
148,Voltage (V)_b_Reverse_Light,../z7oECi9xQOiehkXONk1AUg/HZB_CR_W3_10_Cell-14.JV_CR03-14_rem_l1.jv.txt,z7oECi9xQOiehkXONk1AUg,w,Voltage (V),b,Reverse,Light,1.4,1.36,1.32,1.28,1.24,1.2,1.16,1.12,1.08,1.04,1.0,0.96,0.92,0.88,0.84,0.8,0.76,0.72,0.68,0.64,0.6,0.56,0.52,0.48,0.44,0.4,0.36,0.32,0.28,0.24,0.2,0.16,0.12,0.08,0.04,-2.220446e-16,-0.04
149,Current Density(mA/cm2)_b_Reverse_Light,../z7oECi9xQOiehkXONk1AUg/HZB_CR_W3_10_Cell-14.JV_CR03-14_rem_l1.jv.txt,z7oECi9xQOiehkXONk1AUg,w,Current Density(mA/cm2),b,Reverse,Light,20.0055,20.00545,20.00538,20.0054,20.0054,20.00545,20.00538,20.00535,20.00535,20.00529,20.00531,20.00527,20.00525,20.00536,20.00527,20.00523,20.00521,20.00517,20.00525,20.00519,20.00515,20.00511,20.0051,20.00508,20.00504,20.00502,20.00502,20.00506,20.005,20.00503,20.00579,20.00565,20.00541,20.00528,20.00516,-5.68205,-20.00527
150,Voltage (V)_b_Forward_Light,../z7oECi9xQOiehkXONk1AUg/HZB_CR_W3_10_Cell-14.JV_CR03-14_rem_l1.jv.txt,z7oECi9xQOiehkXONk1AUg,w,Voltage (V),b,Forward,Light,1.4,1.36,1.32,1.28,1.24,1.2,1.16,1.12,1.08,1.04,1.0,0.96,0.92,0.88,0.84,0.8,0.76,0.72,0.68,0.64,0.6,0.56,0.52,0.48,0.44,0.4,0.36,0.32,0.28,0.24,0.2,0.16,0.12,0.08,0.04,-2.220446e-16,-0.04
151,Current Density(mA/cm2)_b_Forward_Light,../z7oECi9xQOiehkXONk1AUg/HZB_CR_W3_10_Cell-14.JV_CR03-14_rem_l1.jv.txt,z7oECi9xQOiehkXONk1AUg,w,Current Density(mA/cm2),b,Forward,Light,20.00553,20.00549,20.00552,20.00543,20.00545,20.00545,20.00541,20.00536,20.00538,20.00533,20.00529,20.00534,20.00531,20.00527,20.00525,20.00523,20.00521,20.00521,20.00514,20.00513,20.00519,20.00511,20.00514,20.00516,20.00509,20.00505,20.00502,20.005,20.005,20.00508,20.00581,20.00561,20.0054,20.00527,20.00508,-5.735049,-20.00531
152,Voltage (V)_c_Reverse_Light,../z7oECi9xQOiehkXONk1AUg/HZB_CR_W3_10_Cell-14.JV_CR03-14_rem_l1.jv.txt,z7oECi9xQOiehkXONk1AUg,w,Voltage (V),c,Reverse,Light,1.4,1.36,1.32,1.28,1.24,1.2,1.16,1.12,1.08,1.04,1.0,0.96,0.92,0.88,0.84,0.8,0.76,0.72,0.68,0.64,0.6,0.56,0.52,0.48,0.44,0.4,0.36,0.32,0.28,0.24,0.2,0.16,0.12,0.08,0.04,-2.220446e-16,-0.04
153,Current Density(mA/cm2)_c_Reverse_Light,../z7oECi9xQOiehkXONk1AUg/HZB_CR_W3_10_Cell-14.JV_CR03-14_rem_l1.jv.txt,z7oECi9xQOiehkXONk1AUg,w,Current Density(mA/cm2),c,Reverse,Light,20.00552,20.0055,20.00548,20.00552,20.00543,20.00548,20.00545,20.0054,20.00535,20.00536,20.00535,20.00531,20.00529,20.00528,20.00527,20.00521,20.00522,20.00522,20.0052,20.00514,20.00515,20.00516,20.00514,20.00513,20.00511,16.78261,7.736098,0.2476306,-5.634944,-9.911396,-12.73886,-14.46093,-15.44078,-15.99276,-16.33061,-16.57757,-16.79278
154,Voltage (V)_c_Forward_Light,../z7oECi9xQOiehkXONk1AUg/HZB_CR_W3_10_Cell-14.JV_CR03-14_rem_l1.jv.txt,z7oECi9xQOiehkXONk1AUg,w,Voltage (V),c,Forward,Light,1.4,1.36,1.32,1.28,1.24,1.2,1.16,1.12,1.08,1.04,1.0,0.96,0.92,0.88,0.84,0.8,0.76,0.72,0.68,0.64,0.6,0.56,0.52,0.48,0.44,0.4,0.36,0.32,0.28,0.24,0.2,0.16,0.12,0.08,0.04,-2.220446e-16,-0.04
155,Current Density(mA/cm2)_c_Forward_Light,../z7oECi9xQOiehkXONk1AUg/HZB_CR_W3_10_Cell-14.JV_CR03-14_rem_l1.jv.txt,z7oECi9xQOiehkXONk1AUg,w,Current Density(mA/cm2),c,Forward,Light,20.00549,20.0056,20.0055,20.00546,20.00541,20.00543,20.00542,20.0054,20.00533,20.00533,20.00528,20.0054,20.00527,20.00523,20.00519,20.00518,20.00519,20.00519,20.00516,20.00513,20.00511,20.00516,20.00508,20.00504,20.00508,17.94066,8.778751,1.01974,-5.107911,-9.573714,-12.53926,-14.35212,-15.38379,-15.9636,-16.3165,-16.57176,-16.79095
156,Voltage (V)_d_Reverse_Light,../z7oECi9xQOiehkXONk1AUg/HZB_CR_W3_10_Cell-14.JV_CR03-14_rem_l1.jv.txt,z7oECi9xQOiehkXONk1AUg,w,Voltage (V),d,Reverse,Light,1.4,1.36,1.32,1.28,1.24,1.2,1.16,1.12,1.08,1.04,1.0,0.96,0.92,0.88,0.84,0.8,0.76,0.72,0.68,0.64,0.6,0.56,0.52,0.48,0.44,0.4,0.36,0.32,0.28,0.24,0.2,0.16,0.12,0.08,0.04,-2.220446e-16,-0.04
157,Current Density(mA/cm2)_d_Reverse_Light,../z7oECi9xQOiehkXONk1AUg/HZB_CR_W3_10_Cell-14.JV_CR03-14_rem_l1.jv.txt,z7oECi9xQOiehkXONk1AUg,w,Current Density(mA/cm2),d,Reverse,Light,20.00549,20.0055,20.00546,20.00542,20.00537,20.00543,20.00542,20.00545,20.00538,20.0054,20.0053,20.00529,20.00527,20.00527,20.00527,20.00527,20.00525,20.00524,20.00518,20.00521,20.00518,20.00521,20.00513,20.00514,20.0051,20.00511,20.00509,20.00508,20.00501,20.00498,20.00581,14.72405,7.373983,0.1194038,-7.094971,-14.28103,-20.00527
158,Voltage (V)_d_Forward_Light,../z7oECi9xQOiehkXONk1AUg/HZB_CR_W3_10_Cell-14.JV_CR03-14_rem_l1.jv.txt,z7oECi9xQOiehkXONk1AUg,w,Voltage (V),d,Forward,Light,1.4,1.36,1.32,1.28,1.24,1.2,1.16,1.12,1.08,1.04,1.0,0.96,0.92,0.88,0.84,0.8,0.76,0.72,0.68,0.64,0.6,0.56,0.52,0.48,0.44,0.4,0.36,0.32,0.28,0.24,0.2,0.16,0.12,0.08,0.04,-2.220446e-16,-0.04
159,Current Density(mA/cm2)_d_Forward_Light,../z7oECi9xQOiehkXONk1AUg/HZB_CR_W3_10_Cell-14.JV_CR03-14_rem_l1.jv.txt,z7oECi9xQOiehkXONk1AUg,w,Current Density(mA/cm2),d,Forward,Light,20.00554,20.00554,20.00546,20.00546,20.00545,20.00544,20.00545,20.0055,20.00543,20.00536,20.00535,20.00531,20.0053,20.00526,20.00527,20.00527,20.00527,20.00522,20.00521,20.0052,20.00514,20.00508,20.00513,20.00511,20.00514,20.00505,20.00504,20.00497,20.00502,20.00506,20.00586,14.89972,7.49802,0.1836634,-7.059348,-14.27511,-20.00525
160,Voltage (V)_e_Reverse_Light,../z7oECi9xQOiehkXONk1AUg/HZB_CR_W3_10_Cell-14.JV_CR03-14_rem_l1.jv.txt,z7oECi9xQOiehkXONk1AUg,w,Voltage (V),e,Reverse,Light,1.4,1.36,1.32,1.28,1.24,1.2,1.16,1.12,1.08,1.04,1.0,0.96,0.92,0.88,0.84,0.8,0.76,0.72,0.68,0.64,0.6,0.56,0.52,0.48,0.44,0.4,0.36,0.32,0.28,0.24,0.2,0.16,0.12,0.08,0.04,-2.220446e-16,-0.04
161,Current Density(mA/cm2)_e_Reverse_Light,../z7oECi9xQOiehkXONk1AUg/HZB_CR_W3_10_Cell-14.JV_CR03-14_rem_l1.jv.txt,z7oECi9xQOiehkXONk1AUg,w,Current Density(mA/cm2),e,Reverse,Light,20.00562,20.00554,20.00545,20.0055,20.00546,20.00544,20.00543,20.00537,20.00538,20.00538,20.00542,20.00533,20.00535,20.00527,20.00531,20.00527,20.00527,20.00522,20.00527,20.00518,20.00519,20.00515,20.00511,20.00513,20.00508,20.00505,20.00516,20.00502,20.005,20.00499,19.43396,12.34182,5.40667,-1.433924,-8.217255,-14.96253,-20.00527
162,Voltage (V)_e_Forward_Light,../z7oECi9xQOiehkXONk1AUg/HZB_CR_W3_10_Cell-14.JV_CR03-14_rem_l1.jv.txt,z7oECi9xQOiehkXONk1AUg,w,Voltage (V),e,Forward,Light,1.4,1.36,1.32,1.28,1.24,1.2,1.16,1.12,1.08,1.04,1.0,0.96,0.92,0.88,0.84,0.8,0.76,0.72,0.68,0.64,0.6,0.56,0.52,0.48,0.44,0.4,0.36,0.32,0.28,0.24,0.2,0.16,0.12,0.08,0.04,-2.220446e-16,-0.04
163,Current Density(mA/cm2)_e_Forward_Light,../z7oECi9xQOiehkXONk1AUg/HZB_CR_W3_10_Cell-14.JV_CR03-14_rem_l1.jv.txt,z7oECi9xQOiehkXONk1AUg,w,Current Density(mA/cm2),e,Forward,Light,20.00556,20.00554,20.00552,20.00545,20.0055,20.00543,20.0054,20.0054,20.00536,20.0054,20.00532,20.00531,20.00529,20.00529,20.00529,20.00527,20.00523,20.00519,20.00518,20.00516,20.00513,20.00511,20.0051,20.00508,20.00507,20.00508,20.00501,20.005,20.00498,20.00489,19.49199,12.39671,5.448282,-1.428222,-8.207096,-14.9569,-20.00527
164,Voltage (V)_f_Reverse_Light,../z7oECi9xQOiehkXONk1AUg/HZB_CR_W3_10_Cell-14.JV_CR03-14_rem_l1.jv.txt,z7oECi9xQOiehkXONk1AUg,w,Voltage (V),f,Reverse,Light,1.4,1.36,1.32,1.28,1.24,1.2,1.16,1.12,1.08,1.04,1.0,0.96,0.92,0.88,0.84,0.8,0.76,0.72,0.68,0.64,0.6,0.56,0.52,0.48,0.44,0.4,0.36,0.32,0.28,0.24,0.2,0.16,0.12,0.08,0.04,-2.220446e-16,-0.04
165,Current Density(mA/cm2)_f_Reverse_Light,../z7oECi9xQOiehkXONk1AUg/HZB_CR_W3_10_Cell-14.JV_CR03-14_rem_l1.jv.txt,z7oECi9xQOiehkXONk1AUg,w,Current Density(mA/cm2),f,Reverse,Light,20.00558,20.00558,20.00555,20.00553,16.16663,6.980285,0.9294349,-2.965058,-5.611635,-7.497233,-8.887413,-9.946544,-10.65756,-11.3504,-11.90561,-12.34491,-12.68961,-12.96748,-13.20383,-13.39192,-13.55186,-13.6935,-13.81795,-13.92611,-14.0305,-14.1301,-14.21843,-14.3085,-14.39575,-14.47855,-14.56038,-14.64157,-14.72135,-14.7996,-14.87836,-14.95433,-15.03175
166,Voltage (V)_f_Forward_Light,../z7oECi9xQOiehkXONk1AUg/HZB_CR_W3_10_Cell-14.JV_CR03-14_rem_l1.jv.txt,z7oECi9xQOiehkXONk1AUg,w,Voltage (V),f,Forward,Light,1.4,1.36,1.32,1.28,1.24,1.2,1.16,1.12,1.08,1.04,1.0,0.96,0.92,0.88,0.84,0.8,0.76,0.72,0.68,0.64,0.6,0.56,0.52,0.48,0.44,0.4,0.36,0.32,0.28,0.24,0.2,0.16,0.12,0.08,0.04,-2.220446e-16,-0.04
167,Current Density(mA/cm2)_f_Forward_Light,../z7oECi9xQOiehkXONk1AUg/HZB_CR_W3_10_Cell-14.JV_CR03-14_rem_l1.jv.txt,z7oECi9xQOiehkXONk1AUg,w,Current Density(mA/cm2),f,Forward,Light,20.00552,20.00549,20.00545,14.25849,5.561423,0.9568129,-0.9309225,-1.780348,-3.013695,-4.128187,-5.204343,-6.25083,-7.295441,-8.339984,-9.439383,-10.14617,-11.02561,-11.80439,-12.44208,-12.92057,-13.26091,-13.49049,-13.64857,-13.7775,-13.88893,-13.99297,-14.09118,-14.18749,-14.27916,-14.37068,-14.45943,-14.54977,-14.63776,-14.72777,-14.81934,-14.91339,-15.01631
168,Voltage (V)_a_Reverse_Light,../z7oECi9xQOiehkXONk1AUg/HZB_CR_W3_10_Cell-15.JV_CR03-15_rem_l1.jv.txt,z7oECi9xQOiehkXONk1AUg,w,Voltage (V),a,Reverse,Light,1.4,1.36,1.32,1.28,1.24,1.2,1.16,1.12,1.08,1.04,1.0,0.96,0.92,0.88,0.84,0.8,0.76,0.72,0.68,0.64,0.6,0.56,0.52,0.48,0.44,0.4,0.36,0.32,0.28,0.24,0.2,0.16,0.12,0.08,0.04,-2.220446e-16,-0.04
169,Current Density(mA/cm2)_a_Reverse_Light,../z7oECi9xQOiehkXONk1AUg/HZB_CR_W3_10_Cell-15.JV_CR03-15_rem_l1.jv.txt,z7oECi9xQOiehkXONk1AUg,w,Current Density(mA/cm2),a,Reverse,Light,20.00494,20.00508,20.00508,20.00501,20.00506,20.00505,13.50394,6.22699,1.347667,-1.945822,-4.400553,-6.348032,-7.900092,-9.159815,-10.32217,-11.13791,-12.08032,-12.89451,-13.60987,-14.23122,-14.73834,-15.12916,-15.41116,-15.63525,-15.80294,-15.92712,-16.04513,-16.14722,-16.23936,-16.32686,-16.41256,-16.49575,-16.57893,-16.66022,-16.74238,-16.82551,-16.91027
170,Voltage (V)_a_Forward_Light,../z7oECi9xQOiehkXONk1AUg/HZB_CR_W3_10_Cell-15.JV_CR03-15_rem_l1.jv.txt,z7oECi9xQOiehkXONk1AUg,w,Voltage (V),a,Forward,Light,1.4,1.36,1.32,1.28,1.24,1.2,1.16,1.12,1.08,1.04,1.0,0.96,0.92,0.88,0.84,0.8,0.76,0.72,0.68,0.64,0.6,0.56,0.52,0.48,0.44,0.4,0.36,0.32,0.28,0.24,0.2,0.16,0.12,0.08,0.04,-2.220446e-16,-0.04
171,Current Density(mA/cm2)_a_Forward_Light,../z7oECi9xQOiehkXONk1AUg/HZB_CR_W3_10_Cell-15.JV_CR03-15_rem_l1.jv.txt,z7oECi9xQOiehkXONk1AUg,w,Current Density(mA/cm2),a,Forward,Light,20.00513,20.00504,20.00501,20.00504,16.82309,11.40278,5.911756,6.08047,1.208985,-0.6212502,-3.180897,-2.645798,-5.189645,-7.318173,-9.598307,-10.86517,-11.33285,-12.4327,-13.32298,-14.09521,-14.63659,-15.09105,-15.4206,-15.6353,-15.79875,-15.93377,-16.04443,-16.13705,-16.23048,-16.31889,-16.40565,-16.49055,-16.57623,-16.65805,-16.73957,-16.82306,-16.90782
172,Voltage (V)_b_Reverse_Light,../z7oECi9xQOiehkXONk1AUg/HZB_CR_W3_10_Cell-15.JV_CR03-15_rem_l1.jv.txt,z7oECi9xQOiehkXONk1AUg,w,Voltage (V),b,Reverse,Light,1.4,1.36,1.32,1.28,1.24,1.2,1.16,1.12,1.08,1.04,1.0,0.96,0.92,0.88,0.84,0.8,0.76,0.72,0.68,0.64,0.6,0.56,0.52,0.48,0.44,0.4,0.36,0.32,0.28,0.24,0.2,0.16,0.12,0.08,0.04,-2.220446e-16,-0.04
173,Current Density(mA/cm2)_b_Reverse_Light,../z7oECi9xQOiehkXONk1AUg/HZB_CR_W3_10_Cell-15.JV_CR03-15_rem_l1.jv.txt,z7oECi9xQOiehkXONk1AUg,w,Current Density(mA/cm2),b,Reverse,Light,20.00506,20.00504,20.00504,20.00502,20.00506,20.005,20.00498,20.005,20.00496,20.00496,20.00492,20.00491,20.00489,20.00487,20.00484,20.00482,20.00483,20.00481,20.00479,20.00477,20.0048,20.00477,20.00473,20.00472,20.0047,20.0047,20.00464,20.00471,20.00464,20.00473,20.00538,14.21516,6.852405,-0.4168601,-7.618262,-14.81857,-20.00549
174,Voltage (V)_b_Forward_Light,../z7oECi9xQOiehkXONk1AUg/HZB_CR_W3_10_Cell-15.JV_CR03-15_rem_l1.jv.txt,z7oECi9xQOiehkXONk1AUg,w,Voltage (V),b,Forward,Light,1.4,1.36,1.32,1.28,1.24,1.2,1.16,1.12,1.08,1.04,1.0,0.96,0.92,0.88,0.84,0.8,0.76,0.72,0.68,0.64,0.6,0.56,0.52,0.48,0.44,0.4,0.36,0.32,0.28,0.24,0.2,0.16,0.12,0.08,0.04,-2.220446e-16,-0.04
175,Current Density(mA/cm2)_b_Forward_Light,../z7oECi9xQOiehkXONk1AUg/HZB_CR_W3_10_Cell-15.JV_CR03-15_rem_l1.jv.txt,z7oECi9xQOiehkXONk1AUg,w,Current Density(mA/cm2),b,Forward,Light,20.00516,20.0051,20.00516,20.00501,20.00508,20.00509,20.00505,20.00508,20.00499,20.00496,20.00492,20.00491,20.00491,20.00489,20.00488,20.00482,20.00483,20.00483,20.00478,20.00478,20.00473,20.00471,20.00471,20.00473,20.0047,20.00467,20.00462,20.00464,20.00465,20.00456,20.00541,14.25808,6.912181,-0.3807072,-7.621773,-14.81865,-20.00551
176,Voltage (V)_c_Reverse_Light,../z7oECi9xQOiehkXONk1AUg/HZB_CR_W3_10_Cell-15.JV_CR03-15_rem_l1.jv.txt,z7oECi9xQOiehkXONk1AUg,w,Voltage (V),c,Reverse,Light,1.4,1.36,1.32,1.28,1.24,1.2,1.16,1.12,1.08,1.04,1.0,0.96,0.92,0.88,0.84,0.8,0.76,0.72,0.68,0.64,0.6,0.56,0.52,0.48,0.44,0.4,0.36,0.32,0.28,0.24,0.2,0.16,0.12,0.08,0.04,-2.220446e-16,-0.04
177,Current Density(mA/cm2)_c_Reverse_Light,../z7oECi9xQOiehkXONk1AUg/HZB_CR_W3_10_Cell-15.JV_CR03-15_rem_l1.jv.txt,z7oECi9xQOiehkXONk1AUg,w,Current Density(mA/cm2),c,Reverse,Light,20.00514,20.00512,20.00516,20.00511,20.00509,20.00514,20.00506,20.00508,20.00501,20.00496,20.00497,20.005,20.00498,20.00491,20.00489,20.00494,20.00486,20.00484,20.00483,20.00478,20.00482,20.00475,13.48777,7.269597,1.868801,-2.663106,-6.396306,-9.307942,-11.49257,-13.05978,-14.15156,-14.95368,-15.59527,-16.16468,-16.69939,-17.21195,-17.72102
178,Voltage (V)_c_Forward_Light,../z7oECi9xQOiehkXONk1AUg/HZB_CR_W3_10_Cell-15.JV_CR03-15_rem_l1.jv.txt,z7oECi9xQOiehkXONk1AUg,w,Voltage (V),c,Forward,Light,1.4,1.36,1.32,1.28,1.24,1.2,1.16,1.12,1.08,1.04,1.0,0.96,0.92,0.88,0.84,0.8,0.76,0.72,0.68,0.64,0.6,0.56,0.52,0.48,0.44,0.4,0.36,0.32,0.28,0.24,0.2,0.16,0.12,0.08,0.04,-2.220446e-16,-0.04
179,Current Density(mA/cm2)_c_Forward_Light,../z7oECi9xQOiehkXONk1AUg/HZB_CR_W3_10_Cell-15.JV_CR03-15_rem_l1.jv.txt,z7oECi9xQOiehkXONk1AUg,w,Current Density(mA/cm2),c,Forward,Light,20.00522,20.00516,20.00513,20.00513,20.00508,20.00511,20.00506,20.00502,20.00508,20.00498,20.00496,20.00494,20.0049,20.00492,20.00491,20.00488,20.00485,20.00483,20.00482,20.00487,20.00473,20.00476,14.25942,7.992707,2.508647,-2.20645,-6.07979,-9.15056,-11.39949,-13.01993,-14.14618,-14.96391,-15.61864,-16.17892,-16.69861,-17.21118,-17.71795
180,Voltage (V)_d_Reverse_Light,../z7oECi9xQOiehkXONk1AUg/HZB_CR_W3_10_Cell-15.JV_CR03-15_rem_l1.jv.txt,z7oECi9xQOiehkXONk1AUg,w,Voltage (V),d,Reverse,Light,1.4,1.36,1.32,1.28,1.24,1.2,1.16,1.12,1.08,1.04,1.0,0.96,0.92,0.88,0.84,0.8,0.76,0.72,0.68,0.64,0.6,0.56,0.52,0.48,0.44,0.4,0.36,0.32,0.28,0.24,0.2,0.16,0.12,0.08,0.04,-2.220446e-16,-0.04
181,Current Density(mA/cm2)_d_Reverse_Light,../z7oECi9xQOiehkXONk1AUg/HZB_CR_W3_10_Cell-15.JV_CR03-15_rem_l1.jv.txt,z7oECi9xQOiehkXONk1AUg,w,Current Density(mA/cm2),d,Reverse,Light,20.00519,20.00519,20.00516,20.00509,20.0051,20.00513,20.00501,20.00501,20.005,20.00498,20.005,20.00493,20.00494,20.00501,20.00488,20.0049,20.00488,20.00486,20.00485,20.00481,20.00481,20.00481,20.00474,20.00477,20.00471,20.00469,20.00465,20.00467,18.132,12.42102,6.978158,1.723346,-3.36032,-8.354952,-13.26622,-18.1584,-20.00557
182,Voltage (V)_d_Forward_Light,../z7oECi9xQOiehkXONk1AUg/HZB_CR_W3_10_Cell-15.JV_CR03-15_rem_l1.jv.txt,z7oECi9xQOiehkXONk1AUg,w,Voltage (V),d,Forward,Light,1.4,1.36,1.32,1.28,1.24,1.2,1.16,1.12,1.08,1.04,1.0,0.96,0.92,0.88,0.84,0.8,0.76,0.72,0.68,0.64,0.6,0.56,0.52,0.48,0.44,0.4,0.36,0.32,0.28,0.24,0.2,0.16,0.12,0.08,0.04,-2.220446e-16,-0.04
183,Current Density(mA/cm2)_d_Forward_Light,../z7oECi9xQOiehkXONk1AUg/HZB_CR_W3_10_Cell-15.JV_CR03-15_rem_l1.jv.txt,z7oECi9xQOiehkXONk1AUg,w,Current Density(mA/cm2),d,Forward,Light,20.0051,20.0051,20.00511,20.00506,20.00506,20.005,20.005,20.00501,20.00499,20.00506,20.00492,20.00497,20.00491,20.00496,20.00491,20.00486,20.00483,20.0049,20.0048,20.00473,20.00475,20.00469,20.00473,20.00475,20.00467,20.00473,20.00467,20.00462,18.37733,12.61326,7.119126,1.838421,-3.287094,-8.30911,-13.25141,-18.14461,-20.00557
184,Voltage (V)_e_Reverse_Light,../z7oECi9xQOiehkXONk1AUg/HZB_CR_W3_10_Cell-15.JV_CR03-15_rem_l1.jv.txt,z7oECi9xQOiehkXONk1AUg,w,Voltage (V),e,Reverse,Light,1.4,1.36,1.32,1.28,1.24,1.2,1.16,1.12,1.08,1.04,1.0,0.96,0.92,0.88,0.84,0.8,0.76,0.72,0.68,0.64,0.6,0.56,0.52,0.48,0.44,0.4,0.36,0.32,0.28,0.24,0.2,0.16,0.12,0.08,0.04,-2.220446e-16,-0.04
185,Current Density(mA/cm2)_e_Reverse_Light,../z7oECi9xQOiehkXONk1AUg/HZB_CR_W3_10_Cell-15.JV_CR03-15_rem_l1.jv.txt,z7oECi9xQOiehkXONk1AUg,w,Current Density(mA/cm2),e,Reverse,Light,20.00521,20.00513,20.00516,20.00519,11.86852,3.099481,-2.669236,-6.491027,-9.001939,-10.6653,-11.85283,-12.71442,-13.34632,-13.81473,-14.16281,-14.43034,-14.64481,-14.824,-14.97568,-15.10686,-15.22191,-15.32513,-15.41927,-15.5067,-15.59079,-15.67269,-15.75404,-15.83385,-15.91269,-15.98997,-16.0677,-16.14655,-16.22412,-16.30299,-16.38039,-16.45802,-16.53651
186,Voltage (V)_e_Forward_Light,../z7oECi9xQOiehkXONk1AUg/HZB_CR_W3_10_Cell-15.JV_CR03-15_rem_l1.jv.txt,z7oECi9xQOiehkXONk1AUg,w,Voltage (V),e,Forward,Light,1.4,1.36,1.32,1.28,1.24,1.2,1.16,1.12,1.08,1.04,1.0,0.96,0.92,0.88,0.84,0.8,0.76,0.72,0.68,0.64,0.6,0.56,0.52,0.48,0.44,0.4,0.36,0.32,0.28,0.24,0.2,0.16,0.12,0.08,0.04,-2.220446e-16,-0.04
187,Current Density(mA/cm2)_e_Forward_Light,../z7oECi9xQOiehkXONk1AUg/HZB_CR_W3_10_Cell-15.JV_CR03-15_rem_l1.jv.txt,z7oECi9xQOiehkXONk1AUg,w,Current Density(mA/cm2),e,Forward,Light,20.00513,20.0051,20.00514,10.81677,3.439235,-1.071021,-4.09355,-6.410246,-8.257508,-9.875082,-10.77815,-11.83214,-12.69951,-13.37996,-13.89539,-14.26383,-14.53592,-14.74156,-14.91064,-15.05556,-15.17845,-15.28605,-15.38482,-15.47731,-15.56265,-15.64547,-15.72678,-15.80529,-15.88494,-15.96475,-16.04402,-16.12497,-16.20505,-16.28429,-16.36526,-16.44666,-16.53115
188,Voltage (V)_f_Reverse_Light,../z7oECi9xQOiehkXONk1AUg/HZB_CR_W3_10_Cell-15.JV_CR03-15_rem_l1.jv.txt,z7oECi9xQOiehkXONk1AUg,w,Voltage (V),f,Reverse,Light,1.4,1.36,1.32,1.28,1.24,1.2,1.16,1.12,1.08,1.04,1.0,0.96,0.92,0.88,0.84,0.8,0.76,0.72,0.68,0.64,0.6,0.56,0.52,0.48,0.44,0.4,0.36,0.32,0.28,0.24,0.2,0.16,0.12,0.08,0.04,-2.220446e-16,-0.04
189,Current Density(mA/cm2)_f_Reverse_Light,../z7oECi9xQOiehkXONk1AUg/HZB_CR_W3_10_Cell-15.JV_CR03-15_rem_l1.jv.txt,z7oECi9xQOiehkXONk1AUg,w,Current Density(mA/cm2),f,Reverse,Light,20.00516,20.00514,20.00513,20.00514,14.08072,6.494529,1.32504,-2.17484,-4.632086,-6.485776,-7.920234,-9.089926,-10.04548,-10.79518,-11.45829,-11.95371,-12.3635,-12.69842,-13.00002,-13.27001,-13.50475,-13.73732,-13.94267,-14.15187,-14.36407,-14.55789,-14.7526,-14.94342,-15.13503,-15.32996,-15.51653,-15.70549,-15.88879,-16.07588,-16.26039,-16.44634,-16.63045
190,Voltage (V)_f_Forward_Light,../z7oECi9xQOiehkXONk1AUg/HZB_CR_W3_10_Cell-15.JV_CR03-15_rem_l1.jv.txt,z7oECi9xQOiehkXONk1AUg,w,Voltage (V),f,Forward,Light,1.4,1.36,1.32,1.28,1.24,1.2,1.16,1.12,1.08,1.04,1.0,0.96,0.92,0.88,0.84,0.8,0.76,0.72,0.68,0.64,0.6,0.56,0.52,0.48,0.44,0.4,0.36,0.32,0.28,0.24,0.2,0.16,0.12,0.08,0.04,-2.220446e-16,-0.04
191,Current Density(mA/cm2)_f_Forward_Light,../z7oECi9xQOiehkXONk1AUg/HZB_CR_W3_10_Cell-15.JV_CR03-15_rem_l1.jv.txt,z7oECi9xQOiehkXONk1AUg,w,Current Density(mA/cm2),f,Forward,Light,20.00513,20.00513,20.00512,15.70864,9.257484,4.906504,1.435821,-0.1607343,-1.334557,-3.194342,-4.901354,-6.397703,-7.795499,-9.14449,-10.05966,-11.02463,-11.80483,-12.35474,-12.80908,-13.1492,-13.41019,-13.65878,-13.875,-14.0833,-14.29033,-14.49112,-14.69031,-14.8908,-15.08051,-15.27372,-15.46501,-15.65924,-15.85085,-16.04163,-16.23104,-16.42252,-16.62077
